username,date,retweets,favorites,text,geo,mentions,hashtags,id,permalink
jairogaraujo,2018-06-11 18:22,0,0,tadeu alencar reforca agenda prefeitos governador paulo camara blogdojairogomes201806tadeu alencarreforcaagendahtmlspref,,,,1.0062855920811295e+18,https://twitter.com/jairogaraujo/status/1006285592081129472
jairogaraujo,2018-06-11 18:22,0,0,o deputado tadeu alencar lider psb camara reforca atuacao favor municipios estado onde mantem fortes lacos politicos o parlamentar intermediou audiencias prefeitos blogdojairogomes201806tadeu alencarreforcaagendahtmlspref,,,,1.0062855756646236e+18,https://twitter.com/jairogaraujo/status/1006285575664623617
Nill_Junior,2018-06-11 16:51,0,0,tadeu alencar reforca agenda prefeitos governador paulo camara  6iqqgwcsr,,,,1.0062626896126648e+18,https://twitter.com/Nill_Junior/status/1006262689612664834
eduardonino,2018-06-11 10:22,0,0,retweeted eduardo deputados psbpe votaram favor golpe danilo cabral fernando coelho filho gonzaga patriota joao fernando coutinho marinaldo rosendo tadeu alencar,,@eduardonino @VAuiar,,1.0061647424304497e+18,https://twitter.com/eduardonino/status/1006164742430449664
eduardonino,2018-06-10 22:27,2,2,retweeted eduardo deputados psbpe votaram favor golpe danilo cabral fernando coelho filho gonzaga patriota joao fernando coutinho marinaldo rosendo tadeu alencar,,@eduardonino,,1.005984805434155e+18,https://twitter.com/eduardonino/status/1005984805434155013
eduardonino,2018-06-10 21:46,5,6,deputados psbpe votaram favor golpe danilo cabral fernando coelho filho gonzaga patriota joao fernando coutinho marinaldo rosendo tadeu alencar,,,,1.0059744260751892e+18,https://twitter.com/eduardonino/status/1005974426075189250
eduardonino,2018-06-10 21:45,3,3,deputados psbpe votaram favor golpe danilo cabral fernando coelho filho gonzaga patriota joao fernando coutinho marinaldo rosendo tadeu alencar,,,,1.0059742567761715e+18,https://twitter.com/eduardonino/status/1005974256776171520
eduardonino,2018-06-10 21:44,1,0,deputados psbpe votaram favor golpe danilo cabral fernando coelho filho gonzaga patriota joao fernando coutinho marinaldo rosendo tadeu alencar,,,,1.0059740857326264e+18,https://twitter.com/eduardonino/status/1005974085732626433
tadeu_alves,2018-06-09 21:56,0,2,a farsa jato  lawfare escancarado kennedy alencar emails odebrecht lula fhc acusado chefiar organizacao criminosa remailsodebrechtlulanaofhcacusadochefiarorganizacaocriminosa,,,,1.0056147575279084e+18,https://twitter.com/tadeu_alves/status/1005614757527908352
tadeu_alves,2018-06-07 23:04,2,0,kennedy alencar sobre moro rei camarote juiz ostentacao  nedyalencarsobremororeicamarotejuizostentacao,,,,1.0049070228637409e+18,https://twitter.com/tadeu_alves/status/1004907022863740928
Nill_Junior,2018-06-07 09:30,0,0,evandro valadares audiencia tadeu alencar  1,,,,1.0047021030155264e+18,https://twitter.com/Nill_Junior/status/1004702103015526400
prefeitura_sje,2018-06-07 08:37,0,0,prefeito de so jos do egito tem encontro com deputado tadeu alencar em braslia o parlamentar assumiu semana lideranca partido socialista brasileiro camara federal recebeu evandro facebookprefeiturasaoj osedoegitoposts397251847443013 ,,,,1.0046887608381972e+18,https://twitter.com/prefeitura_sje/status/1004688760838197248
ParlaTube,2018-06-06 21:04,1,0,tadeu alencar registra posicionamento psb sobre projeto trata criacao municipios ,,,,1.0045144246427853e+18,https://twitter.com/ParlaTube/status/1004514424642785280
ParlaTube,2018-06-06 21:04,1,1,tadeu alencar registra posicionamento psb sobre projeto trata criacao municipios ,,@psbnacamara,,1.0045143997664379e+18,https://twitter.com/ParlaTube/status/1004514399766437889
tadeu_alves,2018-06-06 19:04,0,0,kennedy alencar sobre moro rei camarote juiz ostentacao  nedyalencarsobremororeicamarotejuizostentacao,,,,1.004484286949544e+18,https://twitter.com/tadeu_alves/status/1004484286949543936
doglasbezerra,2018-06-06 18:17,0,0,parabens a jsb pernambuco orgulha historia  ,,,#TadeuAlencar,1.0044722850451579e+18,https://twitter.com/doglasbezerra/status/1004472285045157891
depjuliodelgado,2018-06-06 17:52,0,2,ontem ultimo dia lider psb camara deputados foram oito meses trabalho batalhas praticamente diarias agora bancada liderados grande parlamentar deputado federal tadeu alencar psb pernambuco,,,#PSB,1.0044660276511089e+18,https://twitter.com/depjuliodelgado/status/1004466027651108869
JSB40,2018-06-06 14:19,0,1,obrigado deputado julio delgado psbmg grande desempenho servico prestado lider bancada e parabens deputado tadeu alencar psbpe assume lideranca psb camara deputados facebookstoryphpstor y1691908287530341id376809922373524 ,,,#tadeurepresenta,1.0044124289884119e+18,https://twitter.com/JSB40/status/1004412428988411904
robertajungmann,2018-06-06 11:32,0,1,tadeu alencar assume lideranca psb camara naconteceacontece20180606nws7088976503robertajungmann2467tadeualencarassumeliderancapsbcamaraaspx  2mollc3qto,,,,1.0043704151988838e+18,https://twitter.com/robertajungmann/status/1004370415198883850
elismarrodrigue,2018-06-06 07:26,0,0,deputado federal tadeu alencar assumiu sesta terca lideranca ressalta protagonista psb altadeualencarassumiusestatercaliderancaressaltaprotagonistapsb,,,,1.0043084900877394e+18,https://twitter.com/elismarrodrigue/status/1004308490087739392
ParlaTube,2018-06-05 21:37,0,0,dep tadeu alencar psb assume lideranca psb parabeniza dep julio delgado ,,,,1.0041603005963223e+18,https://twitter.com/ParlaTube/status/1004160300596322304
ParlaTube,2018-06-05 21:37,0,1,dep tadeu alencar psb assume lideranca psb parabeniza dep julio delgado ,,@psbnacamara,,1.004160287463936e+18,https://twitter.com/ParlaTube/status/1004160287463936001
ParlaTube,2018-06-05 21:36,0,0,dep julio delgado psbmg anuncia dep tadeu alencar e novo lider psb ,,,,1.0041601344556687e+18,https://twitter.com/ParlaTube/status/1004160134455668738
ParlaTube,2018-06-05 21:36,0,1,dep julio delgado psbmg anuncia dep tadeu alencar e novo lider psb ,,@psbnacamara,,1.0041601216337224e+18,https://twitter.com/ParlaTube/status/1004160121633722368
sanchilisoficia,2018-06-05 20:02,0,0,tadeu alencar assume lideranca psb prega uniao forcas centroesquerda deputado avalia forcas progressistas devem aglutinar apresentar alternativas pais cair extremismos foto divulgacao o deputado tadeu alencar assume ,,,,1.0041365070602813e+18,https://twitter.com/sanchilisoficia/status/1004136507060281344
EscadaNews,2018-06-05 20:02,0,0,tadeu alencar assume lideranca psb prega uniao forcas centroesquerda ,,,,1.0041365040403866e+18,https://twitter.com/EscadaNews/status/1004136504040386560
ParlaTube,2018-06-05 19:52,2,3,dep tadeu alencar apoia retirada regras sobre licenciamento terras indigenas mp ,,@psbnacamara,,1.0041338079461745e+18,https://twitter.com/ParlaTube/status/1004133807946174464
psbnacamara,2018-06-05 18:15,0,2,  deputado tadeu alencar pe assume lideranca psb camara informe  via 3x,,@psbnacamara,#NOVOL,1.004109478583767e+18,https://twitter.com/psbnacamara/status/1004109478583767040
PortalInteja,2018-06-05 13:24,0,0,tadeu alencar assume lideranca psb prega uniao forcas centroesquerda ,,,,1.004036197470081e+18,https://twitter.com/PortalInteja/status/1004036197470081024
BLOGDOMAGNO,2018-06-05 13:06,0,0,tadeu alencar assume lideranca psb camara o deputado tadeu alencar assume hoje lideranca psb camara defendendo aglutinacao forcas progressistas  confira integra aqui d190813 ,,,,1.0040317536973332e+18,https://twitter.com/BLOGDOMAGNO/status/1004031753697333258
PortalInteja,2018-06-05 13:00,0,0,tadeu alencar assume lideranca psb prega uniao forcas centroesquerda  3w1hdoq215urefmatanorterefmatanorterefmatanorterefmatanorterefmatanorterefmatanorte,,,,1.0040301635694756e+18,https://twitter.com/PortalInteja/status/1004030163569475585
blogdoelielson,2018-06-05 11:08,0,0,tadeu alencar assume lideranca psb prega uniao forcas centroesquerda alencarassumeliderancapsbpregauniaoforcascentroesquerda,,,,1.0040021339837563e+18,https://twitter.com/blogdoelielson/status/1004002133983756288
carlosbritto1,2018-06-05 11:01,0,0,o deputado federal pernambucano tadeu alencar assumira nesta tercafeira 5 lideranca psb camara defendendo aglutinacao carlosbrittotadeualencar assumeliderancapsbcamaraafirmafaraoposicaocombativagovernotemer,,,,1.0040001848362476e+18,https://twitter.com/carlosbritto1/status/1004000184836247552
carlosbritto1,2018-06-05 11:00,0,0,tadeu alencar assume lideranca psb camara afirma fara oposicao combativa governo temer carlosbrittotadeualencar assumeliderancapsbcamaraafirmafaraoposicaocombativagovernotemer 7pwhkutrv,,,,1.0040001300125368e+18,https://twitter.com/carlosbritto1/status/1004000130012536832
osecretariopovo,2018-06-05 10:40,0,1,tadeu alencar assume lideranca psb prega uniao forcas centroesquerda  assumeliderancapsbpregauniaoforcascentroesquerda 7ogb3bsjc,,,,1.003994937359102e+18,https://twitter.com/osecretariopovo/status/1003994937359101952
cbnrecife,2018-06-05 10:14,0,0,entrevista deputado federal psb lider partido camara tadeu alencar tema industria naval continua desoneracao folha uniao forcas centroesquerda,,,#Noar #cbnrecife,1.0039883790993695e+18,https://twitter.com/cbnrecife/status/1003988379099369474
DaviDiniz4,2018-06-05 10:03,0,0,tadeu alencar assume lideranca psb prega uniao forcas centroesquerda alencarassumeliderancapsbhtml ,,,,1.0039857318811976e+18,https://twitter.com/DaviDiniz4/status/1003985731881197569
EdmarLyra,2018-06-05 10:03,0,0,tadeu alencar assume lideranca psb prega uniao forcas centroesquerda edmarlyratadeualencar assumeliderancapsbpregauniaoforcascentroesquerda 9cc8vlx,,,,1.0039857122770002e+18,https://twitter.com/EdmarLyra/status/1003985712277000192
Nill_Junior,2018-06-05 07:54,0,0,tadeu alencar assume lideranca psb  2fdhrzbwtq,,,,1.0039533069081559e+18,https://twitter.com/Nill_Junior/status/1003953306908155904
jairogaraujo,2018-06-05 07:26,0,0,tadeu alencar assume lideranca psb prega uniao forcas centroesquerda blogdojairogomes201806tadeu alencarassumeliderancapsbhtmlspref,,,,1.0039461391781437e+18,https://twitter.com/jairogaraujo/status/1003946139178143745
edvaldomoraispe,2018-06-05 07:12,0,0,tadeu alencar assume lideranca psb prega uniao forcas centroesquerda deputado avalia forcas progressistas devem aglutinar apresentar alternativas pais cair extremismos o facebookedvaldomorais 77posts963392943868941 ,,,,1.0039426745320653e+18,https://twitter.com/edvaldomoraispe/status/1003942674532065280
DaviDiniz4,2018-05-30 08:30,0,0,por indicacao tadeu alencar industria naval continua desoneracao folha dicacaotadeualencarhtml ,,,,1.0017878944519209e+18,https://twitter.com/DaviDiniz4/status/1001787894451920896
PortalInteja,2018-05-28 19:08,0,0,por indicacao tadeu alencar industria naval continua desoneracao folha  3jdq7f0y4cuirefmatanorterefmatanorterefmatanorterefmatanorterefmatanorterefmatanorte,,,,1.0012236607310971e+18,https://twitter.com/PortalInteja/status/1001223660731097089
Paivasil,2018-05-28 12:36,0,0,gonzaga patriota psb joao f coutinho psb marivaldo roendo psb tadeu alencar psb andre paula psd betinho gomes psdb daniel coelho psdb ricardo teobaldo podemos fonte congresso em foco,,,,1.0011250025933578e+18,https://twitter.com/Paivasil/status/1001125002593357829
humbertocostapt,2018-05-28 11:49,2,7,estiveram presentes representantes sindicatos estaleiro fiepe secretario planejamento gestao pernambuco marcio steffanni deputado estadual aluisio lessa deputado federal tadeu alencar 6tzp8i,,,,1.0011133522596905e+18,https://twitter.com/humbertocostapt/status/1001113352259690496
nibiru201545,2018-05-27 18:20,0,0,rn sim rodrigo martins pi sim severino ninho pe nao tadeu alencar pe sim tenente lucio mg sim tereza cristina ms sim total psb psd andre paula pe sim tila lins am sim danrlei deus hinterholz rs sim diego andrade mg sim domingos neto ce sim evandro roman pr,,,,1.0008493069062554e+18,https://twitter.com/nibiru201545/status/1000849306906255361
nibiru201545,2018-05-27 18:20,0,0,rosendo pe sim paulo foletto es sim rafael motta rn sim rodrigo martins pi sim severino ninho pe nao tadeu alencar pe sim tenente lucio mg sim tereza cristina ms sim total psb psd andre paula pe sim tila lins am sim danrlei deus hinterholz rs sim diego,,,,1.0008491415876772e+18,https://twitter.com/nibiru201545/status/1000849141587677184
amupeoficial,2018-05-24 14:16,0,0,tadeu alencar deputado federal pernambuco elana sobre necessidade importancia xxi marcha brasilia promovida cnm ,,,#xximarchacnm,9.997005849440952e+17,https://twitter.com/amupeoficial/status/999700584944095232
rainhadafranca,2018-05-23 14:47,0,0,muito brioso deputado foi cumplice golpe agora vem conversa vai catar deputado ,,@PSBNacional40,#tadeualencar,9.99346111822422e+17,https://twitter.com/rainhadafranca/status/999346111822422017
DaviDiniz4,2018-05-22 20:17,0,0,tadeu alencar ironiza michel temer aliados querem enterrar presidente vivo alencarironizamicheltemerhtml ,,,,9.990667150854636e+17,https://twitter.com/DaviDiniz4/status/999066715085463552
ParlaTube,2018-05-22 18:26,0,0,dep tadeu alencar psbpe critica articulacao politica fala sobre governo temer ,,,,9.990387796451369e+17,https://twitter.com/ParlaTube/status/999038779645136897
ParlaTube,2018-05-22 18:26,0,1,dep tadeu alencar psbpe critica articulacao politica fala sobre governo temer ,,@psbnacamara,,9.990387620165632e+17,https://twitter.com/ParlaTube/status/999038762016563200
carmemsantos55,2018-05-22 16:29,0,0,tadeu alencar critica projeto regulamenta criacao novos municipios  via,,@portalne10,,9.990092843180237e+17,https://twitter.com/carmemsantos55/status/999009284318023680
PortalInteja,2018-05-22 15:16,0,0,tadeu alencar coloca contra projeto regulamenta criacao novos municipios  37r7torhvv2krefmatanorterefmatanorterefmatanorterefmatanorterefmatanorterefmatanorte,,,,9.989909913476055e+17,https://twitter.com/PortalInteja/status/998990991347605507
blogdoelielson,2018-05-22 13:44,0,0,tadeu alencar coloca contra projeto regulamenta criacao novos municipios alencarcolocacontraprojetoregulamentacriacaonovosmunicipios,,,,9.989678808793006e+17,https://twitter.com/blogdoelielson/status/998967880879300608
elismarrodrigue,2018-05-22 13:21,0,0,tadeu alencar coloca contra projeto regulamenta criacao novos municipios colocacontraprojetoregulamentacriacaonovosmunicipios2,,,,9.989619500874179e+17,https://twitter.com/elismarrodrigue/status/998961950087417857
PortalInteja,2018-05-22 13:14,0,0,tadeu alencar coloca contra projeto regulamenta criacao novos municipios ,,,,9.989601806614446e+17,https://twitter.com/PortalInteja/status/998960180661444608
elismarrodrigue,2018-05-22 12:16,0,0,tadeu alencar coloca contra projeto regulamenta criacao novos municipios colocacontraprojetoregulamentacriacaonovosmunicipios,,,,9.98945602196136e+17,https://twitter.com/elismarrodrigue/status/998945602196135936
DaviDiniz4,2018-05-22 11:26,0,0,tadeu alencar coloca contra projeto regulamenta criacao novos municipios alencarcolocacontraprojetohtml ,,,,9.989331595333345e+17,https://twitter.com/DaviDiniz4/status/998933159533334529
jairogaraujo,2018-05-21 21:50,0,0,tadeu alencar coloca contra projeto regulamenta criacao novos municipios blogdojairogomes201805tadeu alencarcolocacontraprojetohtmlspref,,,,9.987277433312748e+17,https://twitter.com/jairogaraujo/status/998727743331274757
blogdidigalvao,2018-05-21 21:18,0,0,tadeu alencar coloca contra projeto regulamenta criacao novos municipios colocacontraprojetoregulamentacriacaonovosmunicipios,,,,9.987197692966339e+17,https://twitter.com/blogdidigalvao/status/998719769296633857
Nill_Junior,2018-05-21 20:55,0,0,tadeu alencar coloca contra projeto regulamenta criacao novos municipios  3mmih1t,,,,9.987138822764831e+17,https://twitter.com/Nill_Junior/status/998713882276483072
jairogaraujo,2018-05-17 21:21,0,0,tadeu alencar reconhecido atuacao favor municipios blogdojairogomes201805tadeu alencarreconhecidoatuacaohtmlspref,,,,9.972709009438515e+17,https://twitter.com/jairogaraujo/status/997270900943851521
jairogaraujo,2018-05-17 21:21,0,0,o deputado federal tadeu alencar psb recebeu nesta quartafeira 16 diploma confederacao nacional municipios cnm atuacao mandato favor pauta municipalista blogdojairogomes201805tadeu alencarreconhecidoatuacaohtmlspref,,,,9.972708989262397e+17,https://twitter.com/jairogaraujo/status/997270898926239745
carmemsantos55,2018-05-17 20:21,0,0,tadeu alencar propoe ouvir entidades sobre foro privilegiado icablogfolha20180517blg63777509politica2419tadeualencarpropoeouvirentidadessobreforoprivilegiadoaspx ,,,,9.972558745266422e+17,https://twitter.com/carmemsantos55/status/997255874526642181
carmemsantos55,2018-05-17 20:13,0,0,tadeu alencar quer ampliar discussao sobre foro privilegiado  via,,@portalne10,,9.972538175183749e+17,https://twitter.com/carmemsantos55/status/997253817518374912
portalcnm,2018-05-17 19:24,0,1,assista convite deputado tadeu alencar psbpe maior evento municipalista brasil ,,,#DestaqueParlamentar #XXIMarchaCNM,9.97241508872024e+17,https://twitter.com/portalcnm/status/997241508872024066
Nill_Junior,2018-05-17 15:11,0,0,tadeu alencar propoe ouvir abi cnbb transparencia brasil sobre foro privilegiado  7qon,,,,9.971777580516557e+17,https://twitter.com/Nill_Junior/status/997177758051655680
DaviDiniz4,2018-05-17 04:58,0,0,tadeu alencar alerta sobre projeto muda lei agrotoxicos alencaralertasobreprojetohtml ,,,,9.970235580846572e+17,https://twitter.com/DaviDiniz4/status/997023558084657152
DaviDiniz4,2018-05-17 04:57,0,0,tadeu alencar alerta sobre projeto muda lei agrotoxicos alencaralertasobreprojetohtml ,,,,9.970232170165903e+17,https://twitter.com/DaviDiniz4/status/997023217016590337
PortalInteja,2018-05-15 23:06,0,0,tadeu alencar alerta sobre projeto muda lei agrotoxicos  32q9wryd2lturefmatanorterefmatanorterefmatanorterefmatanorterefmatanorterefmatanorte,,,,9.965725072085852e+17,https://twitter.com/PortalInteja/status/996572507208585218
DaviDiniz4,2018-05-14 18:29,0,0,tadeu alencar parabeniza cidade ouricuri anos emancipacao alencarparabenizacidadehtml ,,,,9.961404098048983e+17,https://twitter.com/DaviDiniz4/status/996140409804898306
PATRIOTA__2018,2018-05-08 04:55,0,0,estamos disposicao discussao diz paulo camara sobre alianca pt humberto costa pt tadeu alencar psb falaram alianca manha desta segunda   via,,@jc_pe,#PERNAMBUCO,9.937614103364116e+17,https://twitter.com/PATRIOTA__2018/status/993761410336411649
blogdafolha,2018-05-07 12:22,0,1,participam reuniao senador humberto costa pt deputados federais silvio costa avante bruno araujo psdb wolney queiroz pdt danilo cabral psb tadeu alencar psb jorge corte real ptb andre paula psd ,,,,9.93511402898944e+17,https://twitter.com/blogdafolha/status/993511402898944002
essaelis,2018-05-05 18:59,0,1,mulheres mudaram historia pernambuco mesa homens inclusive deputado golpista tadeu alencar,,,,9.928865542081659e+17,https://twitter.com/essaelis/status/992886554208165888
Nill_Junior,2018-05-03 16:16,0,0,tadeu alencar enaltece inauguracoes sao jose egito  783awjd,,,,9.921206444763013e+17,https://twitter.com/Nill_Junior/status/992120644476301312
DaviDiniz4,2018-05-02 23:11,0,0,tadeu alencar acompanha governador vsita sertao alencaracompanhagovernadorhtml ,,,,9.918626580255662e+17,https://twitter.com/DaviDiniz4/status/991862658025566209
blogdidigalvao,2018-05-01 18:39,0,0,tadeu alencar acompanha governador visita sertao acompanhagovernadorvisitasertao,,,,9.914319260482191e+17,https://twitter.com/blogdidigalvao/status/991431926048219137
Nill_Junior,2018-05-01 17:12,0,0,tadeu alencar acompanha camara pajeu  1rccw15,,,,9.914099722264822e+17,https://twitter.com/Nill_Junior/status/991409972226482176
blogdafolha,2018-04-30 13:11,0,0,no cafezinho entrevista tadeu alencar icablogfolha20180427blg61837509politica2419nocafezinhoentrevistatadeualencaraspx ,,,,9.909869673524101e+17,https://twitter.com/blogdafolha/status/990986967352410112
BlogdoCaxorrao,2018-04-28 23:12,0,0,vai aparecer muita sujeira arena copa inquerito diz tadeu alencar recebeu doacoes odebrecht apos assinar contrato obra  via ,,@portalne10,,9.90413545375445e+17,https://twitter.com/BlogdoCaxorrao/status/990413545375444992
BlogdoCaxorrao,2018-04-28 23:12,0,0,vai aparecer muita sujeira arena copa inquerito diz tadeu alencar recebeu doacoes odebrecht apos assinar contrato obra  via,,@portalne10,,9.904134704148521e+17,https://twitter.com/BlogdoCaxorrao/status/990413470414852098
folhape,2018-04-28 14:15,0,0,blog da folha no cafezinho entrevista tadeu alencar ,,,,9.902782897795523e+17,https://twitter.com/folhape/status/990278289779552256
folhape,2018-04-27 18:00,0,2,blog da folha  no cafezinho entrevista tadeu alencar ,,,,9.899724554092421e+17,https://twitter.com/folhape/status/989972455409242113
raquellins,2018-04-27 02:55,0,0,deputado tadeu alencar enquanto procurador geral estado pernambuco segundo delacao recebeu uns trocados odebrecht psb realmente modus operandi bem vergonhoso 4iajrpn8j,,,,9.897448301284434e+17,https://twitter.com/raquellins/status/989744830128443393
raquellins,2018-04-27 02:49,0,0,arena copa inquerito diz tadeu alencar recebeu doacoes odebrecht apos assinar contrato obra  via,,@portalne10,,9.897433200699556e+17,https://twitter.com/raquellins/status/989743320069955584
raquellins,2018-04-27 02:49,0,0,me poupe poupe poupe tadeu alencar diz doacoes declaradas justica eleitoral  via,,@portalne10,,9.897432629686559e+17,https://twitter.com/raquellins/status/989743262968655874
carmemsantos55,2018-04-26 21:16,1,0,tadeu alencar diz doacoes declaradas justica eleitoral  via,,@portalne10,,9.89659418584404e+17,https://twitter.com/carmemsantos55/status/989659418584403969
elismarrodrigue,2018-04-26 20:20,0,1,arena copa inquerito diz tadeu alencar recebeu doacoes odebrecht apos assinar contrato obra inqueritodiztadeualencarrecebeudoacoesodebrechtaposassinarcontratoobra,,,,9.896454513213727e+17,https://twitter.com/elismarrodrigue/status/989645451321372672
Nill_Junior,2018-04-26 18:04,0,0,arena copa inquerito diz tadeu alencar recebeu doacoes odebrecht apos assinar contrato obra  652sqjgoei,,,,9.896112985216e+17,https://twitter.com/Nill_Junior/status/989611298521600006
ivanmauricio,2018-04-26 17:23,1,0,arena copa inquerito diz tadeu alencar recebeu doacoes odebrecht apos assinar contrato obra  via,,@portalne10,,9.896009243216732e+17,https://twitter.com/ivanmauricio/status/989600924321673216
psbnacamara,2018-04-25 20:26,0,3,  aprovado parecer tadeu alencar psbpe plp refente base calculo imposto sobre servicos agencias turismo  via 5yx3gx,,@psbnacamara,#CCJC,9.892846662545121e+17,https://twitter.com/psbnacamara/status/989284666254512131
ParlaTube,2018-04-25 12:11,0,1,homenagem postuma eeputado luis eduardo magalhaes dep tadeu alencar psbpe ,,@psbnacamara,,9.891599783752704e+17,https://twitter.com/ParlaTube/status/989159978375270401
osecretariopovo,2018-04-25 07:43,0,0,em tabira radio tadeu alencar faz revelacoes sobre fatos politicos envolvendo pt  adiotadeualencarfazrevelacoessobrefatospoliticosenvolvendopt 2md6ynwnp,,,,9.890924781868524e+17,https://twitter.com/osecretariopovo/status/989092478186852352
Nill_Junior,2018-04-25 07:37,0,0,no radio deputado tadeu alencar nega ze dirceu prometido degolar candidatura marilia  9uzarfk3,,,,9.890910992716718e+17,https://twitter.com/Nill_Junior/status/989091099271671808
PajeuAM,2018-04-25 07:37,0,0,no radio deputado tadeu alencar nega ze dirceu prometido degolar candidatura marilia deputadotadeualencarnegazedirceuprometidodegolarcandidaturamarilia ,,,,9.890910605288407e+17,https://twitter.com/PajeuAM/status/989091060528840705
DaviDiniz4,2018-04-23 19:45,0,0,tadeu alencar ressalta importancia politica conteudo local visita estaleiro atlantico sul  blog davi diniz alencarressaltaimportanciahtml ,,,,9.88549534883242e+17,https://twitter.com/DaviDiniz4/status/988549534883241984
DaviDiniz4,2018-04-23 19:40,0,0,tadeu alencar ressalta importancia politica conteudo local visita estaleiro atlantico sul  blog davi diniz alencarressaltaimportanciahtml ,,,,9.885483108047421e+17,https://twitter.com/DaviDiniz4/status/988548310804742144
PortalInteja,2018-04-23 18:16,0,0,tadeu alencar ressalta importancia politica conteudo local visita estaleiro atlantico sul  3ajoizqdxfkrefmatanorterefmatanorterefmatanorterefmatanorterefmatanorterefmatanorte,,,,9.885270081277788e+17,https://twitter.com/PortalInteja/status/988527008127778816
PortalInteja,2018-04-23 18:11,0,0,tadeu alencar ressalta importancia politica conteudo local visita estaleiro atlantico sul ,,,,9.885259131417928e+17,https://twitter.com/PortalInteja/status/988525913141792769
jairogaraujo,2018-04-23 17:24,0,0,tadeu alencar ressalta importancia politica conteudo local visita estaleiro atlantico sul blogdojairogomes201804tadeu alencarressaltaimportanciahtmlspref,,,,9.885140280026522e+17,https://twitter.com/jairogaraujo/status/988514028002652165
jairogaraujo,2018-04-23 17:24,0,0,em visita estaleiro atlantico sul eas suape nesta segundafeira 23 deputado federal tadeu alencar lider psb camara partir junho reforcou defesa blogdojairogomes201804tadeu alencarressaltaimportanciahtmlspref,,,,9.885139943769948e+17,https://twitter.com/jairogaraujo/status/988513994376994817
osecretariopovo,2018-04-23 17:14,0,0,tadeu alencar ressalta importancia politica conteudo local visita estaleiro atlantico sul  ressaltaimportanciapoliticaconteudolocalvisitaestaleiroatlanticosul 1ocxk,,,,9.885113396089897e+17,https://twitter.com/osecretariopovo/status/988511339608989696
Nill_Junior,2018-04-23 07:42,0,0,tadeu alencar visita familias atingidas chuvas bodoco participa inauguracao ouricuri  5kcrg4drc,,,,9.883675005293322e+17,https://twitter.com/Nill_Junior/status/988367500529332226
DaviDiniz4,2018-04-22 15:58,0,0,tadeu alencar rodrigo novaes visitam familias atingidas chuvas bodoco tadeu ainda participa inauguracao ouricuri alencarrodrigonovaesvisitamhtmlm1 ,,,,9.881300102160548e+17,https://twitter.com/DaviDiniz4/status/988130010216054784
jairogaraujo,2018-04-19 23:59,0,0,tadeu alencar candidatura barbosa e fator divisao forcas progressistas blogdojairogomes201804tadeu alencarcandidaturabarbosahtmlspref,,,,9.871637586981233e+17,https://twitter.com/jairogaraujo/status/987163758698123264
jairogaraujo,2018-04-19 23:59,0,0,o deputado federal tadeu alencar lider psb camara partir junho afirmou eventual candidatura exministro stf joaquim barbosa partido vem somar blogdojairogomes201804tadeu alencarcandidaturabarbosahtmlspref,,,,9.871637277483131e+17,https://twitter.com/jairogaraujo/status/987163727748313088
carmemsantos55,2018-04-19 22:03,1,1,tadeu alencar candidatura joaquim barbosa divide forcas progressistas  via,,@portalne10,,9.871347127654359e+17,https://twitter.com/carmemsantos55/status/987134712765435904
osecretariopovo,2018-04-19 17:48,0,0,tadeu alencar candidatura barbosa e fator divisao forcas progressistas  candidaturabarbosanaofatordivisaoforcasprogressistas 0y,,,,9.870705301037097e+17,https://twitter.com/osecretariopovo/status/987070530103709698
Nill_Junior,2018-04-19 17:48,0,0,tadeu alencar defende candidatura joaquim barbosa  3syqz,,,,9.870703822252155e+17,https://twitter.com/Nill_Junior/status/987070382225215488
EscadaNews,2018-04-18 09:48,0,0,tadeu alencar levara situacao bodoco governo federal ,,,,9.86587394307584e+17,https://twitter.com/EscadaNews/status/986587394307584000
sanchilisoficia,2018-04-18 09:48,0,0,tadeu alencar levara situacao bodoco governo federal em visita bodoco nesta tercafeira 17 deputado federal tadeu alencar psb afirmou levara governo federal pedido ajuda municipio seriamente afetado fortes chuvas  ,,,,9.865873916819538e+17,https://twitter.com/sanchilisoficia/status/986587391681953792
ParlaTube,2018-04-17 20:54,0,0,dep tadeu alencar psbpe fala sobre impactos chuvas bodoco pe faz apelo ,,,,9.863923968743752e+17,https://twitter.com/ParlaTube/status/986392396874375169
ParlaTube,2018-04-17 20:54,0,1,dep tadeu alencar psbpe fala sobre impactos chuvas bodoco pe faz apelo ,,@psbnacamara,,9.863923721866322e+17,https://twitter.com/ParlaTube/status/986392372186632192
blogdoelielson,2018-04-17 19:28,0,0,tadeu alencar levara situacao bodoco governo federal blog elielson lima alencarlevarasituacaobodocogovernofederal,,,,9.863709240048927e+17,https://twitter.com/blogdoelielson/status/986370924004892672
Nill_Junior,2018-04-17 17:23,0,0,tadeu alencar promete levar situacao bodoco governo federal  1crevu8ykf,,,,9.8633930564275e+17,https://twitter.com/Nill_Junior/status/986339305642749957
osecretariopovo,2018-04-17 14:38,0,0,tadeu alencar visita bodoco presta assistencia municipio  visitabodocoprestaassistenciamunicipio 7mzvuabf8z,,,,9.862977682212127e+17,https://twitter.com/osecretariopovo/status/986297768221212679
Nill_Junior,2018-04-17 11:05,0,0,tadeu alencar visita bodoco apos chuvas  ,,,,9.862443722441073e+17,https://twitter.com/Nill_Junior/status/986244372244107265
cbnrecife,2018-04-17 09:23,0,0, o deputado federal psbpe tadeu alencar fala sobre mudanca correlacoes pernambuco ascensao joaquim barbosa com apenas semana apos filiar partido ainda colocar diretamente precandidato conseguiu intencoes voto,,,#NoAr,9.86218498350338e+17,https://twitter.com/cbnrecife/status/986218498350338048
blogdoroberiosa,2018-04-17 06:42,0,0,tadeu alencar descarta alianca joaquim barbosa marina silva presidencia republica  238nye4,,,,9.861781720132403e+17,https://twitter.com/blogdoroberiosa/status/986178172013240320
folhape,2018-04-16 13:49,0,4,poltica  tadeu alencar festeja desempenho joaquim barbosa pesquisa datafolha ,,,,9.859232358114181e+17,https://twitter.com/folhape/status/985923235811418112
jairogaraujo,2018-04-13 23:46,0,0,em giro agreste tadeu alencar presta contas mandato blogdojairogomes201804gir agrestetadeualencarhtmlspref,,,,9.849862765490135e+17,https://twitter.com/jairogaraujo/status/984986276549013504
jairogaraujo,2018-04-13 23:46,0,0,recemescolhido proximo lider psb camara federal deputado tadeu alencar faz fim semana serie visitas municipios agreste prestar contas mandato manter contato bases blogdojairogomes201804gir agrestetadeualencarhtmlspref,,,,9.849862659039273e+17,https://twitter.com/jairogaraujo/status/984986265903927297
TADEU_JUNIOR_TJ,2018-04-10 20:30,0,0,jornalista kennedy alencar comenta caso falsa agressao criada turminha mbl malfeitores borrabotas libertinos tentar gerar fato jornalistico chamar holofotes si alguem leva idiotas serio youtubewatchvybfi8 hqg64 ,,,,9.838496074689126e+17,https://twitter.com/TADEU_JUNIOR_TJ/status/983849607468912640
gilbertgpereira,2018-04-09 22:37,0,0,seis modos ver cidade tadeu alencar arrais traca panorama visual urbes historia alem analisar aspectos formacao deformacao construcao modificacao espacos   ,,,,9.835193214387855e+17,https://twitter.com/gilbertgpereira/status/983519321438785536
SINPROFAZ,2018-04-05 14:17,0,3,o diretor rodrigo mellet reuniu pfn deputado federal tadeu alencar psbpe o encontro ocorreu camara deputados onde discutidas pautas tramitam casa interesse associados leia ,,,,9.819438845017088e+17,https://twitter.com/SINPROFAZ/status/981943884501708801
cbnrecife,2018-04-05 09:18,0,0, o deputado federal psbpe membro frente parlamentar defesa industria naval tadeu alencar comenta sobre promessa rodrigo maia demrj dar atencao projeto beneficia industria naval,,,#NoAr,9.818687541278024e+17,https://twitter.com/cbnrecife/status/981868754127802368
psbnacamara,2018-04-04 15:11,0,0,  dep tadeu alencar psbpe trabalha fortalecimento industria naval brasileira  via 8t08top7p6,,@psbnacamara,#DESENVOLVIMENTO,9.815951489067909e+17,https://twitter.com/psbnacamara/status/981595148906790916
tadeu_alves,2018-04-04 11:35,0,1,kennedy alencar com jejum dallagnol tenta demonizar lula  ,,,#,9.815408561665188e+17,https://twitter.com/tadeu_alves/status/981540856166518784
euflavionunes,2018-04-02 16:16,0,0,tadeu alencar destina r 3 milhoes emendas sao jose egito  ,,,,9.808866512275251e+17,https://twitter.com/euflavionunes/status/980886651227525122
alencar_be,2018-03-30 09:57,0,2,gente ter filho e puta decisao to tadeu h quero berrar,,,,9.797041082811474e+17,https://twitter.com/alencar_be/status/979704108281147392
Coluna_Politica,2018-03-28 00:29,0,1,tadeu alencar assume liderana do psb na cmara a partir de  de junho alencarassumeliderancapsbhtml  8a3s,,,,9.788365237171569e+17,https://twitter.com/Coluna_Politica/status/978836523717156864
GuiaCariri,2018-03-27 20:15,0,0,tadeu alencar assume lideranca psb camara federal http,,,,9.787724179033457e+17,https://twitter.com/GuiaCariri/status/978772417903345664
psbnacamara,2018-03-27 14:31,1,2,  deputado tadeu alencar pe assume lideranca psb  junho saiba  via 9sjfpkui6x,,@psbnacamara,#NOTAOFICIAL,9.786858548006298e+17,https://twitter.com/psbnacamara/status/978685854800629760
psbnacamara,2018-03-27 09:35,0,0,  pela bancada pernambuco tadeu alencar psbpe debate sobre beneficios industria naval  via 3gwp,,@psbnacamara,#EXPLORA,9.786115572266967e+17,https://twitter.com/psbnacamara/status/978611557226696705
carlosbritto1,2018-03-27 06:40,0,0,uma reuniao realizada segundafeira noite 26 definiu troca lideranca psb camara federal atual lider julio delgado psbmg dara lugar tadeu alencar psbpe a troca carlosbrittotadeualencar assumeliderancapsbcamarafederal,,,,9.78567548206805e+17,https://twitter.com/carlosbritto1/status/978567548206804992
carlosbritto1,2018-03-27 06:40,0,0,tadeu alencar assume lideranca psb camara federal carlosbrittotadeualencar assumeliderancapsbcamarafederal 4jxucnlw9s,,,,9.785675132682117e+17,https://twitter.com/carlosbritto1/status/978567513268211712
sitedaboa,2018-03-26 23:56,0,0,tadeu alencar assume liderana psb cmara federal  0x4egkk,,,,9.78465819230462e+17,https://twitter.com/sitedaboa/status/978465819230461952
Nill_Junior,2018-03-26 23:36,0,0,tadeu alencar assume lideranca psb camara federal  8j4fpy,,,,9.784607123046318e+17,https://twitter.com/Nill_Junior/status/978460712304631813
DiarioPE,2018-03-26 23:30,0,9,tadeu alencar assume lideranca psb camara federal ,,,,9.78459204246786e+17,https://twitter.com/DiarioPE/status/978459204246786048
sccp_futmesa,2018-03-26 18:15,0,0,alencar aranha og girao ravanelli tadeu compuseram equipe o unico ja havia participado competicao modalidade botonista aranha,,,,9.783800370733588e+17,https://twitter.com/sccp_futmesa/status/978380037073358849
oficina_emcena,2018-03-24 10:53,0,0,em cenace ator convidado marcio tadeu lima producao cheyenne alencar fotos jaildo,,,,9.775439425090806e+17,https://twitter.com/oficina_emcena/status/977543942509080577
carmemsantos55,2018-03-23 19:05,0,0,tadeu alencar defende votacao urgente projeto conteudo nacional eloracao presal  via,,@portalne10,,9.773053284832092e+17,https://twitter.com/carmemsantos55/status/977305328483209216
oficina_emcena,2018-03-23 07:14,0,0,final se semana recifepe juazeiro nortece projeto passarelamgtpe daniel rizzirosembergjean silvestrerebecasharmenne cia em cenace marcio tadeu limacheyenne alencar jaildo,,,,9.771264878485627e+17,https://twitter.com/oficina_emcena/status/977126487848562689
Nill_Junior,2018-03-22 13:03,0,0,tadeu alencar destina r 3 milhoes emendas sao jose egito  0v,,,,9.768519696325386e+17,https://twitter.com/Nill_Junior/status/976851969632538626
portalcnm,2018-03-14 15:34,2,3,a cnm gabinete deputado federal tadeu alencar tarde ontem os principais temas abordados confere ,,@amupeoficial,#PoliticoCNM,9.73990786588201e+17,https://twitter.com/portalcnm/status/973990786588200960
Djairdecarlos,2018-03-09 18:06,0,0,altinhope deputado tadeu alencar visita cidade ,,,,9.722170659761807e+17,https://twitter.com/Djairdecarlos/status/972217065976180736
marcus_pestana,2018-03-09 12:13,1,5,recebi agora relatrio de atividades onde consta debate fizemos sobre reforma politica financiamento campanhas onde dialoguei deputados tadeu alencar psdp alessandro molon psbrj cientistas politicos bruno reis bruno carazza 7,,@IfhcInfo,,9.72128319239e+17,https://twitter.com/marcus_pestana/status/972128319239000065
lidicedamata,2018-03-06 12:44,5,19,na comissao educacao aprovamos projeto inclui nome miguel arraes livro herois heroinas patria arraes simbolo luta povo campo principalmente nordestinos projeto deputado tadeu alencar relatoria segue plenario 2h9u1,,,,9.710487640845394e+17,https://twitter.com/lidicedamata/status/971048764084539393
blogdejamildo,2018-03-04 15:10,0,0,artigo o discurso seguranca longe boa pratica por tadeu alencar ,,,,9.70360929971032e+17,https://twitter.com/blogdejamildo/status/970360929971032064
RAPS_Brasil,2018-02-24 18:19,2,11,o  painel dia tema desafios institucionais economicos politicos brasil sustentavel e mediado jornalista mara luquet presenca lideres raps thiago peito tadeu alencar raquel lyra randolfe rodrigues ,,,#RAPSBrasil,9.675093334277857e+17,https://twitter.com/RAPS_Brasil/status/967509333427785728
blogdoroberiosa,2018-02-21 14:45,0,0,tadeu alencar intervencao e justificativa excessos ,,,,9.663682542676664e+17,https://twitter.com/blogdoroberiosa/status/966368254267666432
blogdoroberiosa,2018-02-21 14:45,0,0,tadeu alencar intervencao e justificativa excessos ,,,,9.663682542634271e+17,https://twitter.com/blogdoroberiosa/status/966368254263427072
carlosbritto1,2018-02-21 10:02,0,0,exaliados senador fernando bezerra coelho mdbpe deputado federal tadeu alencar psbpe mostraram ,,,,9.662971228606874e+17,https://twitter.com/carlosbritto1/status/966297122860687360
carlosbritto1,2018-02-21 10:02,0,0,favoraveis intervencao rio janeiro exaliados 86pf9vjj,,,,9.662970843569725e+17,https://twitter.com/carlosbritto1/status/966297084356972544
sydneyangels2,2018-02-21 09:24,0,0,tadeu alencar intervencao e justificativa excessos ,,,,9.662875951132754e+17,https://twitter.com/sydneyangels2/status/966287595113275392
Apartear,2018-02-20 19:04,0,0,intervencao e justificativa excessos diz tadeu alencar  via,,@portalne10,,9.66071123958956e+17,https://twitter.com/Apartear/status/966071123958956033
EscadaNews,2018-02-20 17:34,0,0,tadeu alencar intervencao e justificativa excessos ,,,,9.660484205353738e+17,https://twitter.com/EscadaNews/status/966048420535373825
EscadaNews,2018-02-20 17:34,0,0,tadeu alencar intervencao e justificativa excessos ,,,,9.660483929284035e+17,https://twitter.com/EscadaNews/status/966048392928403456
sanchilisoficia,2018-02-20 17:34,1,0,tadeu alencar intervencao e justificativa excessos credito foto chico ferreira divulgacao brasilia apos votar favoravelmente intervencao seguranca publica rio janeiro deputado federal tadeu alencar psb alertou  ,,,,9.66048389556138e+17,https://twitter.com/sanchilisoficia/status/966048389556137984
carmemsantos55,2018-02-20 01:16,0,0,para tadeu alencar intervencao rio e necessaria icablogfolha20180219blg55347509politica2419paratadeualencarintervencaorionecessariaaspx ,,,,9.658023398473441e+17,https://twitter.com/carmemsantos55/status/965802339847344128
Guilher41286628,2018-02-19 17:42,0,0,votei tadeu alencar acompanho desempenho discordo frontalmente apoio intervencao militar o deputado manipulado globo  status965601103084773377 ,,,,9.656880031790408e+17,https://twitter.com/Guilher41286628/status/965688003179040768
Nill_Junior,2018-02-19 13:49,0,0,tadeu alencar intervencao e necessaria deve ser tratada responsabilidade  ,,,,9.656293983753871e+17,https://twitter.com/Nill_Junior/status/965629398375387138
blogdoelielson,2018-02-19 12:33,0,0,o deputado federal tadeu alencar psb apoia medida intervencao federal seguranca rio janeiro ,,,,9.656102760779244e+17,https://twitter.com/blogdoelielson/status/965610276077924352
osecretariopovo,2018-02-19 12:18,0,0,tadeu alencar intervencao e necessaria deve ser tratada responsabilidade  intervencaonecessariadevesertratadaresponsabilidade 33vlnrm4r,,,,9.65606576777302e+17,https://twitter.com/osecretariopovo/status/965606576777302016
PortalInteja,2018-02-19 11:49,0,0,tadeu alencar intervencao e necessaria deve ser tratada responsabilidade ,,,,9.655991440132628e+17,https://twitter.com/PortalInteja/status/965599144013262848
giromatanorte,2018-02-19 11:45,0,0,o deputado federal tadeu alencar psb apoia medida intervencao federal seguranca rio janeiro ,,,,9.655981320705024e+17,https://twitter.com/giromatanorte/status/965598132070502400
robertajungmann,2018-02-07 20:11,0,0,muitos nomes psb deputados federais danilo cabral tadeu alencar laura gomes alem ,,,,9.613618888346624e+17,https://twitter.com/robertajungmann/status/961361888834662400
euflavionunes,2018-02-07 17:24,0,0,tadeu alencar diz e hora aprofundar combate reforma previdencia   89pnrc,,,,9.61319675048194e+17,https://twitter.com/euflavionunes/status/961319675048194049
SartoriIzabel,2018-02-07 13:58,0,0,sacana tadeu alencar nega e petista gracas deus preciso prev publica trabalho pago prev privadas,,,,9.612678730324009e+17,https://twitter.com/SartoriIzabel/status/961267873032400899
Nill_Junior,2018-02-07 08:49,0,0,tadeu alencar  hora aprofundar combate reforma previdencia  6chog,,,,9.611902560107602e+17,https://twitter.com/Nill_Junior/status/961190256010760192
blogdoelielson,2018-02-06 22:59,0,0,tadeu alencar  hora aprofundar combate reforma previdencia blog elielson lima ,,,,9.610417124361298e+17,https://twitter.com/blogdoelielson/status/961041712436129792
osecretariopovo,2018-02-06 21:12,0,0,tadeu alencar  hora aprofundar combate reforma previdencia  horaaprofundarcombatereformaprevidencia 7iawr6xit,,,,9.610148034259108e+17,https://twitter.com/osecretariopovo/status/961014803425910784
psbnacamara,2018-02-06 10:26,0,0,  deputado tadeu alencar psbpe critica temer repassar ajuda municipios  via 3,,@portalne10,#PSBNAM,9.608520749793853e+17,https://twitter.com/psbnacamara/status/960852074979385344
Nill_Junior,2018-02-02 17:50,0,0,tadeu alencar pernambuco contas organizadas porque preparou enfrentar crise  8iugoxrh,,,,9.595143678501765e+17,https://twitter.com/Nill_Junior/status/959514367850176513
giromatanorte,2018-02-02 16:37,0,1,o deputado federal tadeu alencar psb lembra pernambuco mantem equilibrio contas estaduais honrando ,,,,9.594960449198694e+17,https://twitter.com/giromatanorte/status/959496044919869441
junior_ecg,2018-02-02 02:49,0,0,tadeu alencar genios tras ideia segundo colunista  tatus959087999790256128 ,,@heraclitoPI @VEJA,,9.5928764923938e+17,https://twitter.com/junior_ecg/status/959287649239379969
jrguzzofatos,2018-02-01 18:34,0,5,heraclito fortes oisui tadeu alencar pernambuco,,,,9.591631127704289e+17,https://twitter.com/jrguzzofatos/status/959163112770428930
tadeu_alves,2018-01-31 15:05,0,0,moro dallagnol pesam justica stf por kennedy alencar ,,,,9.587481066272113e+17,https://twitter.com/tadeu_alves/status/958748106627211264
robertajungmann,2018-01-28 01:59,0,0,os noivos eduarda campos tomas alencar casam deputado tadeu alencar  ,,,,9.574632387189514e+17,https://twitter.com/robertajungmann/status/957463238718951424
blogviniciuspe,2018-01-27 16:47,0,1,tadeu alencar destina r milhoes sertao estado  destinar20milhoessertaoestado 4yte9hv,,,,9.57324283709182e+17,https://twitter.com/blogviniciuspe/status/957324283709181955
blogdoelielson,2018-01-26 19:40,0,0,tadeu alencar destina r milhoes sertao estado blog elielson lima ,,,,9.570053753702973e+17,https://twitter.com/blogdoelielson/status/957005375370297348
carlosbritto1,2018-01-26 18:00,0,0,em busca renovacao mandato camara federal deputado tadeu alencar psb vem correndo trecho ,,,,9.569801402815365e+17,https://twitter.com/carlosbritto1/status/956980140281536512
carlosbritto1,2018-01-26 18:00,0,0,correndo trecho tentar renovar mandato deputado tadeu alencar destina r milhoes emendas sertao carlosbrittocorrendotrech tentarrenovarmandatodeputadotadeualencardestinar20milhoesemendassertao 24dew317y,,,,9.569800940478505e+17,https://twitter.com/carlosbritto1/status/956980094047850498
Nill_Junior,2018-01-26 16:43,0,0,tadeu alencar cumpre agenda sertao estado  3igij13yj,,,,9.569607014861906e+17,https://twitter.com/Nill_Junior/status/956960701486190592
PortalInteja,2018-01-26 15:18,0,0,tadeu alencar destina r milhoes sertao estado ,,,,9.569394632670945e+17,https://twitter.com/PortalInteja/status/956939463267094529
PortalInteja,2018-01-26 15:15,0,0,tadeu alencar destina r milhoes sertao estado ,,,,9.569385740116255e+17,https://twitter.com/PortalInteja/status/956938574011625472
darciorabelo,2018-01-26 14:48,0,1,tadeu alencar destina r milhoes sertao estado ,,,,9.569319136457318e+17,https://twitter.com/darciorabelo/status/956931913645731840
giromatanorte,2018-01-26 14:45,0,0,o deputado federal tadeu alencar psb percorre sertao estado prestar contas mandato populacao ,,,,9.56931013363544e+17,https://twitter.com/giromatanorte/status/956931013363544064
osecretariopovo,2018-01-26 14:44,1,1,tadeu alencar destina r milhoes sertao estado  destinar20milhoessertaoestado 0c2pay52,,,,9.569309041229455e+17,https://twitter.com/osecretariopovo/status/956930904122945536
PortalInteja,2018-01-25 18:34,0,0,tadeu alencar o sertanejo quer reforma previdencia ,,,,9.566263954295931e+17,https://twitter.com/PortalInteja/status/956626395429593089
Nill_Junior,2018-01-25 15:22,0,0,tadeu alencar o sertanejo quer reforma previdencia  4yksjpwx,,,,9.565779658355057e+17,https://twitter.com/Nill_Junior/status/956577965835505666
blogdoelielson,2018-01-25 15:13,0,0,tadeu alencar o sertanejo quer reforma previdencia blog elielson lima ,,,,9.565756877705585e+17,https://twitter.com/blogdoelielson/status/956575687770558464
osecretariopovo,2018-01-25 13:56,0,0,tadeu alencar o sertanejo quer reforma previdencia  sertanejonaoquerreformaprevidencia 4pdd,,,,9.565563387876475e+17,https://twitter.com/osecretariopovo/status/956556338787647488
PortalInteja,2018-01-25 13:34,0,0,tadeu alencar o sertanejo quer reforma previdencia ,,,,9.565507548058583e+17,https://twitter.com/PortalInteja/status/956550754805858304
giromatanorte,2018-01-25 13:03,0,0,o deputado federal tadeu alencar psb aproveita dias antecedem volta trabalhos camara ,,,,9.565430143730852e+17,https://twitter.com/giromatanorte/status/956543014373085185
BlogdoFinfa,2018-01-25 12:24,0,0,tadeu alencar o sertanejo quer reforma previdencia   3u9bj,,,,9.565333141307105e+17,https://twitter.com/BlogdoFinfa/status/956533314130710529
sanchilisoficia,2018-01-24 11:38,0,0,tadeu alencar governo temer cumpre palavra porque preve derrota reforma previdencia para deputado federal tadeu alencar psb fato governo temer ter liberado r bilhoes prometidos ,,,,9.56159164870402e+17,https://twitter.com/sanchilisoficia/status/956159164870402053
EscadaNews,2018-01-24 11:35,0,0,tadeu alencar governo temer cumpre palavra porque preve derrota reforma previdencia ,,,,9.561584764971172e+17,https://twitter.com/EscadaNews/status/956158476497117185
EscadaNews,2018-01-24 11:35,0,0,tadeu alencar governo temer cumpre palavra porque preve derrota reforma previdencia ,,,,9.561584540073247e+17,https://twitter.com/EscadaNews/status/956158454007324672
EscadaNews,2018-01-24 11:35,0,0,tadeu alencar governo temer cumpre palavra porque preve derrota reforma previdencia ,,,,9.561584115272253e+17,https://twitter.com/EscadaNews/status/956158411527225344
89nuncamais,2018-01-24 09:42,0,0,tadeu alencar governo temer cumpre palavra brasil247pt247pernamb uco247338445tadeualencargovernotemercumprepalavrahtm ,,,,9.561301565145539e+17,https://twitter.com/89nuncamais/status/956130156514553857
osecretariopovo,2018-01-23 22:32,0,0,tadeu alencar governo temer cumpre palavra porque preve derrota reforma previdencia  governotemernaocumprepalavraporqueprevederrotareformaprevidencia 27rwpe,,,,9.559613566662656e+17,https://twitter.com/osecretariopovo/status/955961356666265600
carmemsantos55,2018-01-23 20:51,0,0,tadeu alencar governo temer cumpre palavra icablogfolha20180123blg53137509politica2419tadeualencargovernotemernaocumprepalavraaspx ,,,,9.55936030175187e+17,https://twitter.com/carmemsantos55/status/955936030175186945
carmemsantos55,2018-01-23 20:46,0,0,tadeu alencar critica temer repassar ajuda municipios  via,,@portalne10,,9.559347184149832e+17,https://twitter.com/carmemsantos55/status/955934718414983169
PortalInteja,2018-01-23 20:31,0,0,tadeu alencar governo temer cumpre palavra porque preve derrota reforma previdencia ,,,,9.55930940559188e+17,https://twitter.com/PortalInteja/status/955930940559187968
PortalInteja,2018-01-23 20:28,0,0,tadeu alencar governo temer cumpre palavra porque preve derrota reforma previdencia ,,,,9.55930349695103e+17,https://twitter.com/PortalInteja/status/955930349695102976
giromatanorte,2018-01-23 20:26,0,0,para deputado federal tadeu alencar psb fato governo temer ter liberado r bilhoes prometidos ,,,,9.559296982358057e+17,https://twitter.com/giromatanorte/status/955929698235805701
Nill_Junior,2018-01-23 17:31,0,0,tadeu alencar governo temer cumpre palavra porque preve derrota reforma previdencia  7rvd7owi2,,,,9.55885815015592e+17,https://twitter.com/Nill_Junior/status/955885815015591936
BetinhoJose_Rec,2018-01-20 21:55,0,0,deputado tadeu alencar recorde ertacao mostra acerto gestoes psb pernambuco ,,,,9.548648852376699e+17,https://twitter.com/BetinhoJose_Rec/status/954864885237669888
BetinhoJose_Rec,2018-01-20 21:50,0,0,recorde ertacao mostra acerto gestoes psb pernambuco diz deputado tadeu alencar blogpautapolitica201801coluna bocadeconfusaodestasexta19html ,,,,9.548637597298074e+17,https://twitter.com/BetinhoJose_Rec/status/954863759729807360
BetinhoJose_Rec,2018-01-19 22:33,0,0,tadeu alencar recorde ertacao mostra acerto gestoes psb pernambuco blogpautapolitica201801coluna bocadeconfusaodestasexta19html ,,,,9.545121661068616e+17,https://twitter.com/BetinhoJose_Rec/status/954512166106861571
osecretariopovo,2018-01-19 00:51,0,0,tadeu alencar recorde ertacao mostra acerto gestoes psb pernambuco  recordeertacaomostraacertogestoespsbpernambuco ,,,,9.541845614030152e+17,https://twitter.com/osecretariopovo/status/954184561403015168
blogdoroberiosa,2018-01-18 22:16,0,0,o deputado federal tadeu alencar psb comemora recorde ertacoes alcancado pernambuco ,,,,9.541454398000865e+17,https://twitter.com/blogdoroberiosa/status/954145439800086529
blogdoroberiosa,2018-01-18 22:16,0,0,tadeu alencar recorde ertacao mostra acerto gestoes psb pernambuco  2ne0swz,,,,9.541453841919222e+17,https://twitter.com/blogdoroberiosa/status/954145384191922176
jairogaraujo,2018-01-18 19:51,0,0,tadeu alencar recorde ertacao mostra acerto gestoes psb pernambuco ,,,,9.541089075086541e+17,https://twitter.com/jairogaraujo/status/954108907508654081
jairogaraujo,2018-01-18 19:51,0,0,o deputado federal tadeu alencar psb comemora recorde ertacoes alcancado pernambuco ,,,,9.541088939736351e+17,https://twitter.com/jairogaraujo/status/954108893973635072
Nill_Junior,2018-01-18 19:22,0,0,tadeu alencar comemora recorde ertacoes pernambuco  4,,,,9.541016484770816e+17,https://twitter.com/Nill_Junior/status/954101648477081600
blogdoelielson,2018-01-18 19:15,0,0,tadeu alencar recorde ertacao mostra acerto gestoes psb pernambuco blog elielson lima ,,,,9.541000401460838e+17,https://twitter.com/blogdoelielson/status/954100040146083840
blogdoelielson,2018-01-18 19:15,0,0,tadeu alencar recorde ertacao mostra acerto gestoes psb pernambuco blog elielson lima ,,,,9.540998998801695e+17,https://twitter.com/blogdoelielson/status/954099899880169472
tadeu_alves,2018-01-16 22:47,0,1,lawfare elicito kennedy alencar julgamento lula e auge judicializacao politica brasil rjulgamentolulaaugejudicializacaopoliticabrasil,,,,9.53428408381399e+17,https://twitter.com/tadeu_alves/status/953428408381399040
SINPROFAZ,2018-01-15 15:02,0,3,para tadeu alencar carreira papel fundamental discussoes sobre futuro pais ,,,,9.529491477070275e+17,https://twitter.com/SINPROFAZ/status/952949147707027457
Nill_Junior,2018-01-09 08:40,0,0,tabira marcilio pires justifica apoio reeleicao tadeu alencar  5rq,,,,9.506787368060109e+17,https://twitter.com/Nill_Junior/status/950678736806010880
PajeuAM,2018-01-09 08:40,0,0,tabira marcilio pires justifica apoio reeleicao tadeu alencar marciliopiresjustificaapoioreeleicaotadeualencar ,,,,9.506786013761946e+17,https://twitter.com/PajeuAM/status/950678601376194561
prefeitura_sje,2018-01-06 15:05,0,0,deputado federal tadeu alencar participa pelo  ano das festividades de reis em so jos do egito tadeu ,,,,9.496884896537436e+17,https://twitter.com/prefeitura_sje/status/949688489653743617
Nill_Junior,2018-01-06 09:38,0,0,vereador marcilio pires anuncia apoio deputado tadeu alencar  5qbc,,,,9.496062018929664e+17,https://twitter.com/Nill_Junior/status/949606201892966400
PajeuAM,2018-01-06 09:31,1,0,vereador marcilio pires anuncia apoio deputado tadeu alencar rmarciliopiresanunciaapoiodeputadotadeualencar 4ife96z,,,,9.496044112438886e+17,https://twitter.com/PajeuAM/status/949604411243888640
blogdidigalvao,2018-01-02 15:09,0,0,nota pesar deputado federal tadeu alencar ,,@Shareaholic,,9.482397471006679e+17,https://twitter.com/blogdidigalvao/status/948239747100667904
osecretariopovo,2018-01-02 14:25,0,0,deputado federal tadeu alencar emite nota pesar falecimento armando monteiro filho  altadeualencaremitenotapesarfalecimentoarmandomonteirofilho,,,,9.482288532810506e+17,https://twitter.com/osecretariopovo/status/948228853281050626
PautaPoliticaPE,2017-12-29 22:57,0,0,deputado tadeu alencar psb fala sobre relacao governo temer pernambuco  ,,,,9.469081700600013e+17,https://twitter.com/PautaPoliticaPE/status/946908170060001280
osecretariopovo,2017-12-29 11:30,0,0,tadeu alencar vamos continuar cobrar tratamento pernambuco merece  vamoscontinuarcobrartratamentopernambucomerece 1tumrv,,,,9.467352547102474e+17,https://twitter.com/osecretariopovo/status/946735254710247424
jairogaraujo,2017-12-28 17:28,0,0,tadeu alencar vamos continuar cobrar tratamento pernambuco merece ,,,,9.46462949618733e+17,https://twitter.com/jairogaraujo/status/946462949618733056
blogdoelielson,2017-12-28 16:37,0,0,tadeu alencar vamos continuar cobrar tratamento pernambuco merece blog elielson lima ,,,,9.464500660170179e+17,https://twitter.com/blogdoelielson/status/946450066017017856
Nill_Junior,2017-12-28 15:52,0,0,tadeu alencar vamos continuar cobrar tratamento pernambuco merece  37woxu,,,,9.464386229574042e+17,https://twitter.com/Nill_Junior/status/946438622957404160
PajeuAM,2017-12-28 15:51,0,0,tadeu alencar vamos continuar cobrar tratamento pernambuco merece  ,,,,9.46438453717332e+17,https://twitter.com/PajeuAM/status/946438453717331973
PortalInteja,2017-12-28 15:47,0,0,tadeu alencar vamos continuar cobrar tratamento pernambuco merece ,,,,9.46437373025325e+17,https://twitter.com/PortalInteja/status/946437373025325057
EscadaNews,2017-12-28 14:31,0,0,tadeu alencar vamos continuar cobrar tratamento pernambuco merece ,,,,9.464183259067392e+17,https://twitter.com/EscadaNews/status/946418325906739201
EscadaNews,2017-12-28 14:31,0,0,tadeu alencar vamos continuar cobrar tratamento pernambuco merece ,,,,9.464183179584922e+17,https://twitter.com/EscadaNews/status/946418317958492160
sanchilisoficia,2017-12-28 14:31,0,0,tadeu alencar vamos continuar cobrar tratamento pernambuco merece uma vitoria pernambuco liderada governador paulo camara ato sensatez governo temer  desta forma ,,,,9.464182560252314e+17,https://twitter.com/sanchilisoficia/status/946418256025231360
EscadaNews,2017-12-28 14:31,0,0,tadeu alencar vamos continuar cobrar tratamento pernambuco merece ,,,,9.464182543392195e+17,https://twitter.com/EscadaNews/status/946418254339219456
berocorreia,2017-12-27 19:56,2,2,oxente tirar dilma descobriu falcatruas dudu traira pras coisas melhorarem tadeu alencar diz que pe  vtima de retaliao por parte de temer brasil247pt247pernamb uco247333322tadeualencardizpec3a9vc3adtimaretaliac3a7c3a3opartetemerhtm  0exrgy,,@psbnacamara,,9.461378243398205e+17,https://twitter.com/berocorreia/status/946137824339820544
BetinhoJose_Rec,2017-12-25 11:00,0,0,pernambuco vem tendo tratamento merece diz deputado socialista tadeu alencar psb falando sobre relacao temer estado  ,,,,9.452780032942039e+17,https://twitter.com/BetinhoJose_Rec/status/945278003294203904
osecretariopovo,2017-12-22 11:39,0,0,tadeu alencar pede transparencia debate sobre remuneracao servidor publico  pedetransparenciadebatesobreremuneracaoservidorpublico ,,,,9.442007626070016e+17,https://twitter.com/osecretariopovo/status/944200762607001600
blogdoelielson,2017-12-22 00:14,0,0,tadeu alencar pede transparencia debate sobre remuneracao servidor publico blog elielson lima ,,,,9.440284449119805e+17,https://twitter.com/blogdoelielson/status/944028444911980544
BetinhoJose_Rec,2017-12-21 18:53,0,0,deputado tadeu alencar psb fala sobre relacao governo temer pernambuco ,,,,9.439474452091494e+17,https://twitter.com/BetinhoJose_Rec/status/943947445209149440
Nill_Junior,2017-12-21 18:11,0,0,tadeu alencar pede transparencia debate sobre remuneracao servidor publico  4hcixkqawr,,,,9.43937104488403e+17,https://twitter.com/Nill_Junior/status/943937104488402945
PortalInteja,2017-12-21 17:03,0,0,tadeu alencar pede transparencia debate sobre remuneracao servidor publico ,,,,9.439197852884132e+17,https://twitter.com/PortalInteja/status/943919785288413184
PajeuAM,2017-12-21 16:41,0,0,tadeu alencar pede transparencia debate sobre remuneracao servidor publico  7etd6,,,,9.439144256224502e+17,https://twitter.com/PajeuAM/status/943914425622450176
BetinhoJose_Rec,2017-12-21 14:10,0,0,deputado tadeu alencar psb fala sobre relacao governo temer pernambuco  ,,,,9.438763506660516e+17,https://twitter.com/BetinhoJose_Rec/status/943876350666051584
carmemsantos55,2017-12-21 09:40,0,0,para tadeu alencar pe sofre retaliacao governo temer icablogfolha20171220blg50967509politica2419paratadeualencarsofreretaliacaogovernotemeraspx ,,,,9.438084695173898e+17,https://twitter.com/carmemsantos55/status/943808469517389824
blogdoelielson,2017-12-21 01:33,0,0,tadeu alencar pernambuco sofre retaliacao governo temer blog elielson lima ,,,,9.436857765205033e+17,https://twitter.com/blogdoelielson/status/943685776520503296
midiaemacaotv,2017-12-20 22:07,0,0,pernambuco sofre retaliacao governo temer diz tadeu alencar reretaliacaogovernotemerdiztadeualencar ,,,,9.436339819747615e+17,https://twitter.com/midiaemacaotv/status/943633981974761472
jairogaraujo,2017-12-20 21:21,0,0,tadeu alencar pernambuco sofre retaliacao governo temer ,,,,9.43622459546325e+17,https://twitter.com/jairogaraujo/status/943622459546324992
PajeuAM,2017-12-20 20:37,0,0,tadeu alencar pernambuco sofre retaliacao governo temer  0bqbzzzr,,,,9.436113242563912e+17,https://twitter.com/PajeuAM/status/943611324256391168
nona_alves,2017-12-20 19:48,0,0,tadeu alencar diz pe e vitima retaliacao parte temer,,@brasil247,,9.43599084467839e+17,https://twitter.com/nona_alves/status/943599084467838976
blogdoroberiosa,2017-12-20 18:43,0,0,pernambuco vem tendo tratamento merece  constatacao deputado federal tadeu alencar psb ,,,,9.435826624129188e+17,https://twitter.com/blogdoroberiosa/status/943582662412918784
blogdoroberiosa,2017-12-20 18:43,0,0,pernambuco sofre retaliacao governo temer diz tadeu alencar  2tmjfwxk,,,,9.43582606406357e+17,https://twitter.com/blogdoroberiosa/status/943582606406356992
tarlouze,2017-12-20 18:30,1,0,tadeu alencar diz pe e vitima retaliacao parte temer  brasil 7  alencardizpevitimaretaliacaopartetemerbrasil247 ,,,,9.435794178713477e+17,https://twitter.com/tarlouze/status/943579417871347713
cridaonews1,2017-12-20 18:30,0,0,tadeu alencar diz pe e vitima retaliacao parte temer  brasil 7  alencardizpevitimaretaliacaopartetemerbrasil247 ,,,,9.435794103424778e+17,https://twitter.com/cridaonews1/status/943579410342477825
EdmarLyra,2017-12-20 17:44,0,0,tadeu alencar pernambuco sofre retaliacao governo temer edmarlyratadeualencar pernambucosofreretaliacaogovernotemer ,,,,9.435678518388982e+17,https://twitter.com/EdmarLyra/status/943567851838898177
Nill_Junior,2017-12-20 17:41,0,0,tadeu alencar pernambuco sofre retaliacao governo temer  9lllhbxkld,,,,9.435669663458796e+17,https://twitter.com/Nill_Junior/status/943566966345879552
ronaldovox,2017-12-20 17:28,0,0,pernambuco sofre retaliacao governo temer diz deputado tadeu alencar saiba mais  saiba mais no blog 3uccyw87nc,,,,9.435638574312325e+17,https://twitter.com/ronaldovox/status/943563857431232512
PortalInteja,2017-12-20 17:19,0,0,tadeu alencar pernambuco sofre retaliacao governo temer ,,,,9.435614240385311e+17,https://twitter.com/PortalInteja/status/943561424038531072
giromatanorte,2017-12-20 17:10,0,0,pernambuco vem tendo tratamento merece  constatacao deputado federal tadeu alencar psb ,,,,9.435593735818813e+17,https://twitter.com/giromatanorte/status/943559373581881345
c3319fdfcf4b459,2017-12-19 21:30,0,0,ministro defende camara contencao salarios servidores contestam da agencia brasilbrasilia o presidente oab claudio pachecoministro dyogo oliveira deputado tadeu alencar participam audiencia discutir projeto lei  ,,,,9.432621923709788e+17,https://twitter.com/c3319fdfcf4b459/status/943262192370978817
povojequie,2017-12-19 17:56,0,0,brasilia o presidente oab claudio pachecoministro dyogo oliveira deputado tadeu alencar participam ,,,,9.432084884817551e+17,https://twitter.com/povojequie/status/943208488481755137
carlosbritto1,2017-12-16 20:22,0,0,gonzaga patriota tadeu alencar recebem titulos cidadania municipios sertao carlosbrittogonzagapatrio tatadeualencarrecebemtituloscidadaniamunicipiossertao 904bqcz,,,,9.421581370161603e+17,https://twitter.com/carlosbritto1/status/942158137016160256
jairogaraujo,2017-12-16 11:47,0,0,na semana marca aniversario anos nascimento luiz gonzaga deputado federal tadeu alencar ,,,,9.420283100071772e+17,https://twitter.com/jairogaraujo/status/942028310007177218
jairogaraujo,2017-12-16 11:46,0,0,tadeu alencar recebe titulo cidadao exu ,,,,9.420281495247176e+17,https://twitter.com/jairogaraujo/status/942028149524717568
Nill_Junior,2017-12-16 09:05,0,0,tadeu alencar recebe titulo cidadao exu  ,,,,9.41987653599277e+17,https://twitter.com/Nill_Junior/status/941987653599277057
osecretariopovo,2017-12-16 00:45,0,0,tadeu alencar recebe titulo cidadao exu  recebetitulocidadaoexu 1v,,,,9.418616926733476e+17,https://twitter.com/osecretariopovo/status/941861692673347584
osecretariopovo,2017-12-15 19:57,0,0,no sertao tadeu alencar confere obras municipios recebe titulo cidadao exu   ualencarconfereobrasmunicipiosrecebetitulocidadaoexuprestigiafestivalvivagonzagao 5q8rxr42cy,,,,9.417892872170947e+17,https://twitter.com/osecretariopovo/status/941789287217094656
darciorabelo,2017-12-15 19:34,0,0,no sertao tadeu alencar confere obras municipios prestigia comemoracoes anos luiz gonzaga ,,,,9.417836634313114e+17,https://twitter.com/darciorabelo/status/941783663431311360
blogdoelielson,2017-12-15 17:04,0,0,o deputado federal tadeu alencar psb fara giro sertao estado neste final semana visitando ,,,,9.417457360095724e+17,https://twitter.com/blogdoelielson/status/941745736009572352
PajeuAM,2017-12-15 15:36,0,0,no sertao tadeu alencar confere obras municipios prestigia comemoracoes anos luiz gonzaga tadeualencarconfereobrasmunicipiosprestigiacomemoracoes105anosluizgonzaga 76orre6fv,,,,9.417236288314778e+17,https://twitter.com/PajeuAM/status/941723628831477761
Nill_Junior,2017-12-15 15:35,0,0,no sertao tadeu alencar confere obras municipios prestigia comemoracoes   02rd,,,,9.41723456302977e+17,https://twitter.com/Nill_Junior/status/941723456302977024
ParlaTube,2017-12-13 22:26,1,1,dep tadeu alencar psbpe registra homenagem rei baiao luiz gonzaga ,,@psbnacamara,,9.411020151738491e+17,https://twitter.com/ParlaTube/status/941102015173849089
depulyssesgomes,2017-12-12 15:09,0,1,recebemos gabinete prefeito estiva dr agenicio deputado estadual alencar silveira o secretario municipal governo tadeu participou encontro ,,@assembleiamg,,9.406297789730365e+17,https://twitter.com/depulyssesgomes/status/940629778973036544
BetinhoJose_Rec,2017-12-10 18:43,0,0,pernambuco rende investe cada vez seguranca afirma tadeu alencar  buconaorendeinvestecadahtmlspreftw ,,,#BlogPautaPol,9.39958835321688e+17,https://twitter.com/BetinhoJose_Rec/status/939958835321688064
BetinhoJose_Rec,2017-12-08 22:28,0,0,o deputado federal tadeu alencar psb acompanhou agenda administrativa governador paulo camara sertao estado  ,,,,9.39290679318143e+17,https://twitter.com/BetinhoJose_Rec/status/939290679318142976
mr_marceloreal,2017-12-07 19:57,0,0,srs psbpi tadeu alencar psbpe energia limpa comecando pais investimentos maior importancia pra regiao ne devido escassez chuvas querendo criar taxas setor o momento e atrair investidores desse novo setor energetico afastar,,@heraclitoPI,,9.388902170162504e+17,https://twitter.com/mr_marceloreal/status/938890217016250368
osecretariopovo,2017-12-07 09:53,0,0,tadeu alencar coordena frente parlamentar prevencao violencia reducao   coordenafrenteparlamentarprevencaoviolenciareducaohomicidiospernambuco 0qsvq0599a,,,,9.387382493375365e+17,https://twitter.com/osecretariopovo/status/938738249337536512
blogdoroberiosa,2017-12-06 21:41,0,1,tadeu alencar coordena frente parlamentar prevencao violencia reducao   0ridxyue7,,,,9.385539239122985e+17,https://twitter.com/blogdoroberiosa/status/938553923912298496
osecretariopovo,2017-12-06 19:49,0,0,tadeu alencar e parlamentar pernambuco atua municipios diz cnm  parlamentarpernambucoatuamunicipiosdizcnm 0r1nks6ske,,,,9.385259570817475e+17,https://twitter.com/osecretariopovo/status/938525957081747458
PortalInteja,2017-12-06 14:12,0,0,tadeu alencar e parlamentar pernambuco atua municipios diz cnm ,,,,9.384409320760361e+17,https://twitter.com/PortalInteja/status/938440932076036097
osecretariopovo,2017-12-04 12:16,0,0,deputado tadeu alencar tabira final semana  alencartabirafinalsemana 2ky5k,,,,9.376870089228001e+17,https://twitter.com/osecretariopovo/status/937687008922800129
EscadaNews,2017-12-04 12:09,0,0,tadeu alencar pernambuco rende investe cada vez seguranca ,,,,9.37685235000578e+17,https://twitter.com/EscadaNews/status/937685235000578049
EscadaNews,2017-12-04 12:09,0,0,tadeu alencar pernambuco rende investe cada vez seguranca ,,,,9.376852084253655e+17,https://twitter.com/EscadaNews/status/937685208425365505
sanchilisoficia,2017-12-04 12:09,0,0,tadeu alencar pernambuco rende investe cada vez seguranca o deputado federal tadeu alencar psb acompanhou longo desta sextafeira 01 agenda administrativa governador paulo camara sertao estado o governador  ,,,,9.376852068567368e+17,https://twitter.com/sanchilisoficia/status/937685206856736769
BetinhoJose_Rec,2017-12-04 06:00,0,0,pernambuco rende investe cada vez seguranca afirma tadeu alencar ,,,,9.37592370761044e+17,https://twitter.com/BetinhoJose_Rec/status/937592370761043968
BetinhoJose_Rec,2017-12-04 00:47,0,0,pernambuco rende investe cada vez seguranca afirma tadeu alencar  ,,,,9.375136152336384e+17,https://twitter.com/BetinhoJose_Rec/status/937513615233638400
PautaPoliticaPE,2017-12-04 00:44,0,0,pernambuco rende investe cada vez seguranca afirma tadeu alencar  ,,,,9.375128294307471e+17,https://twitter.com/PautaPoliticaPE/status/937512829430747136
blogtabirahoje,2017-12-03 15:06,0,0,pernambuco rende investe cada vez seguranca diz tadeu alencar 6p9693mk8m,,,,9.373675023336284e+17,https://twitter.com/blogtabirahoje/status/937367502333628416
Nill_Junior,2017-12-03 11:17,0,0,no sertao tadeu alencar destaca investimentos seguranca  83jlu,,,,9.373097287110369e+17,https://twitter.com/Nill_Junior/status/937309728711036929
osecretariopovo,2017-12-03 00:19,0,0,tadeu alencar pernambuco rende investe cada vez seguranca  pernambuconaorendeinvestecadavezseguranca 1vtqxr8c5n,,,,9.371443363110298e+17,https://twitter.com/osecretariopovo/status/937144336311029760
jairogaraujo,2017-12-02 17:37,0,0,tadeu alencar pernambuco rende investe cada vez seguranca ,,,,9.370429638673408e+17,https://twitter.com/jairogaraujo/status/937042963867340801
jairogaraujo,2017-12-02 17:37,0,0,o deputado federal tadeu alencar psb acompanhou longo desta sextafeira 01 agenda administrativa ,,,,9.370429450977649e+17,https://twitter.com/jairogaraujo/status/937042945097764864
darciorabelo,2017-12-01 21:21,0,1,tadeu alencar acompanha agenda governador paulo camara sertao ,,,,9.3673696180036e+17,https://twitter.com/darciorabelo/status/936736961800359939
Nill_Junior,2017-12-01 11:48,0,0,tadeu alencar acompanha agenda camara sertao  5bna1trm7u,,,,9.365929469625549e+17,https://twitter.com/Nill_Junior/status/936592946962554880
eugeniafalcao,2017-11-30 07:33,0,0,tadeu alencar temer faz governo exterminio direitos  brasil 7 brasil247pt247pernamb uco247329513tadeualencartemerfazgovernoextermc3adniodireitoshtm  via,,@brasil247,,9.361662201513124e+17,https://twitter.com/eugeniafalcao/status/936166220151312384
RotadoSertao12,2017-11-29 16:57,0,0,tadeu alencar temer faz um governo exterminio direitos rotadosertaonoticia107664 tadeualencartemerfazgovernoexterminiodireitos  9rc,,,,9.35945940472664e+17,https://twitter.com/RotadoSertao12/status/935945940472664065
LiviaPetralha,2017-11-29 12:42,1,0,tadeu alencar temer faz governo exterminio direitos brasil247329513 ,,,#pol #feedly,9.358817389785457e+17,https://twitter.com/LiviaPetralha/status/935881738978545664
PortalInteja,2017-11-29 11:17,0,0,na ccj tadeu alencar volta condenar tentativa privatizacao chesf ,,,,9.358601781083996e+17,https://twitter.com/PortalInteja/status/935860178108399616
giromatanorte,2017-11-29 10:49,0,0,membro titular comissao justica cidadania ccjc camara deputados deputado federal tadeu alencar ,,,,9.358531047839048e+17,https://twitter.com/giromatanorte/status/935853104783904769
LARomao,2017-11-29 09:34,0,0,tadeu alencar temer faz governo exterminio direitos  brasil 7 brasil247pt247pernamb uco247329513tadeualencartemerfazgovernoextermc3adniodireitoshtm ,,,,9.35834370220417e+17,https://twitter.com/LARomao/status/935834370220417025
Ritavermelha,2017-11-29 09:06,0,2,tadeu alencar temer faz governo exterminio direitos brasil247pt247pernamb uco247329513tadeualencartemerfazgovernoextermc3adniodireitoshtm ,,,,9.358274129060618e+17,https://twitter.com/Ritavermelha/status/935827412906061825
EscadaNews,2017-11-29 01:06,0,0,na ccj tadeu alencar volta condenar tentativa privatizacao chesf ,,,,9.357065951866266e+17,https://twitter.com/EscadaNews/status/935706595186626563
EscadaNews,2017-11-29 01:06,0,0,na ccj tadeu alencar volta condenar tentativa privatizacao chesf ,,,,9.357065916886467e+17,https://twitter.com/EscadaNews/status/935706591688646662
sanchilisoficia,2017-11-29 01:06,0,0,na ccj tadeu alencar volta condenar tentativa privatizacao chesf membro titular comissao justica cidadania ccjc camara deputados deputado federal tadeu alencar psb voltou ,,,,9.357065375105843e+17,https://twitter.com/sanchilisoficia/status/935706537510584320
EscadaNews,2017-11-29 01:06,0,0,na ccj tadeu alencar volta condenar tentativa privatizacao chesf ,,,,9.357065356651561e+17,https://twitter.com/EscadaNews/status/935706535665156097
blogtabirahoje,2017-11-28 20:38,0,0,na ccj tadeu alencar volta condenar tentativa privatizacao chesf 7jm25dlf,,,,9.356390972673065e+17,https://twitter.com/blogtabirahoje/status/935639097267306496
araujoimprensa,2017-11-27 02:33,0,0,tadeu alencar critica chantagem temer condicionar recursos reforma previdencia ,,,,9.350035285017231e+17,https://twitter.com/araujoimprensa/status/935003528501723137
RotadoSertao12,2017-11-24 12:47,0,0,tadeu alencar critica chantagem temer condicionar recursos reforma previdencia rotadosertaonoticia107289 tadeualencarcriticachantagemtemercondicionarrecursosreformaprevidencia  ,,,,9.340708779641979e+17,https://twitter.com/RotadoSertao12/status/934070877964197889
jairogaraujo,2017-11-23 17:08,0,0,brasilia o deputado federal tadeu alencar psb acompanhou durante todo dia ontem prefeitos ,,,,9.337741899574026e+17,https://twitter.com/jairogaraujo/status/933774189957402624
jairogaraujo,2017-11-23 01:12,0,0,tadeu alencar temer apoio populacao governadores prefeitos ,,,,9.335338106748068e+17,https://twitter.com/jairogaraujo/status/933533810674806784
jairogaraujo,2017-11-23 01:12,0,0,brasilia para deputado federal tadeu alencar psb infrutifera tentativa presidente michel temer ,,,,9.335337173600051e+17,https://twitter.com/jairogaraujo/status/933533717360005120
osecretariopovo,2017-11-22 11:29,0,0,tadeu alencar temer apoio populacao governadores prefeitos  temernaoapoiopopulacaonaoteragovernadoresprefeitos 9s639smlj,,,,9.333265360858522e+17,https://twitter.com/osecretariopovo/status/933326536085852163
PajeuAM,2017-11-22 09:12,0,0,tadeu alencar temer apoio populacao governadores prefeitos  0ptti0atd,,,,9.332920806500106e+17,https://twitter.com/PajeuAM/status/933292080650010624
blogdoelielson,2017-11-21 23:55,0,0,tadeu alencar aprova proposta fortalece enfrentamento violencia contra jovem pais blog elielson lima ,,,,9.33151899951489e+17,https://twitter.com/blogdoelielson/status/933151899951489025
EdmarLyra,2017-11-21 20:25,0,0,tadeu alencar aprova proposta fortalece enfrentamento violencia contra jovem pais edmarlyratadeualencar aprovapropostafortaleceenfrentamentoviolenciacontrajovempais 4irr,,,,9.330991618675835e+17,https://twitter.com/EdmarLyra/status/933099161867583491
charlesaraujox,2017-11-20 18:31,0,0,professor tadeu alencar cobra investimento governos resolver crise todos pe ,,,,9.327080886747341e+17,https://twitter.com/charlesaraujox/status/932708088674734087
SINPROFAZ,2017-11-09 15:21,5,7,a pedido sinprofaz deputado tadeu alencar apresenta emenda mp ,,,,9.286739673380864e+17,https://twitter.com/SINPROFAZ/status/928673967338086400
EscadaNews,2017-11-09 13:00,0,0,tadeu alencar diz e positiva retirada atenuante pessoas anos atualiza codigo penal ,,,,9.28638556897026e+17,https://twitter.com/EscadaNews/status/928638556897026048
EscadaNews,2017-11-09 13:00,0,0,tadeu alencar diz e positiva retirada atenuante pessoas anos atualiza codigo penal ,,,,9.286385455767142e+17,https://twitter.com/EscadaNews/status/928638545576714240
EscadaNews,2017-11-09 13:00,0,0,tadeu alencar diz e positiva retirada atenuante pessoas anos atualiza codigo penal ,,,,9.28638458867757e+17,https://twitter.com/EscadaNews/status/928638458867757056
sanchilisoficia,2017-11-09 13:00,0,0,tadeu alencar diz e positiva retirada atenuante pessoas anos atualiza codigo penal brasilia  o deputado federal tadeu alencar psb considera positiva aprovacao projeto lei 04 plenario ,,,,9.286384582429164e+17,https://twitter.com/sanchilisoficia/status/928638458242916352
jairogaraujo,2017-11-09 00:20,0,0,contra reducao maioridade penal tadeu alencar diz e positiva retirada atenuante pessoas ,,,,9.28447092586156e+17,https://twitter.com/jairogaraujo/status/928447092586156032
jairogaraujo,2017-11-09 00:19,0,0,o deputado federal tadeu alencar psb considera positiva aprovacao projeto lei 04 plenario ,,,,9.284470135193477e+17,https://twitter.com/jairogaraujo/status/928447013519347712
EdmarLyra,2017-11-08 19:55,0,0,contra reducao maioridade penal tadeu alencar diz e positiva retirada atenuante edmarlyracontrareducao maioridadepenaltadeualencardizpositivaretiradaatenuantepessoas1821anos ,,,,9.283804776014438e+17,https://twitter.com/EdmarLyra/status/928380477601443841
osecretariopovo,2017-11-08 19:39,0,0,contra reducao maioridade penal tadeu alencar diz e positiva retirada atenuante pessoas   maioridadepenaltadeualencardizpositivaretiradaatenuantepessoas1821anosatualizacodigopenal,,,,9.28376344475521e+17,https://twitter.com/osecretariopovo/status/928376344475521024
TimesFromWorld,2017-11-08 19:07,0,0,a camara fez bem diz tadeu alencar sobre fim atenuante radio jornalo deputado p  5txbu,,,#Atenuante #Brazil,9.28368383397122e+17,https://twitter.com/TimesFromWorld/status/928368383397122049
RadioJornalAMFM,2017-11-08 13:41,0,3,a camara fez bem diz tadeu alencar sobre fim atenuante pena menores anos ,,,,9.282864813572014e+17,https://twitter.com/RadioJornalAMFM/status/928286481357201408
lissandro1,2017-11-08 12:42,0,0,tadeu alencar governo temer e favor tudo ofende cidadania brasileira confira avozdavitoriatadeualencar governotemerfavortudoofendecidadaniabrasileirawgmxmgvkg4etwitter ,,,#,9.282714091549901e+17,https://twitter.com/lissandro1/status/928271409154990080
PortalInteja,2017-11-08 12:31,0,0,tadeu alencar governo temer e favor tudo ofende cidadania brasileira ,,,,9.282686950292152e+17,https://twitter.com/PortalInteja/status/928268695029215232
giromatanorte,2017-11-08 12:26,0,0,o deputado federal tadeu alencar psb participou nesta tercafeira 07 lancamento frente parlamentar ,,,,9.282674420062536e+17,https://twitter.com/giromatanorte/status/928267442006253568
jairogaraujo,2017-11-08 08:04,0,0,brasilia  o deputado federal tadeu alencar psb participou nesta tercafeira 07 lancamento frente ,,,,9.282015140526694e+17,https://twitter.com/jairogaraujo/status/928201514052669441
osecretariopovo,2017-11-07 20:39,0,0,tadeu alencar governo temer e favor tudo ofende cidadania brasileira  governotemerfavortudoofendecidadaniabrasileira 8m5dbnab,,,,9.280290623874294e+17,https://twitter.com/osecretariopovo/status/928029062387429376
EdmarLyra,2017-11-07 17:13,1,0,tadeu alencar governo temer e favor tudo ofende cidadania brasileira edmarlyratadeualencar governotemerfavortudoofendecidadaniabrasileira 5fhfo3c7d,,,,9.279772559382651e+17,https://twitter.com/EdmarLyra/status/927977255938265088
Antonio25171944,2017-11-06 12:28,0,0,bom dia geraldo antonio rodrigues guas compridas tadeu alencar daniel coelho certeza merecem serem reeleitos,,@geraldofreirePE,,9.275432771543941e+17,https://twitter.com/Antonio25171944/status/927543277154394115
carlosbritto1,2017-11-05 10:28,0,0,o deputado federal tadeu alencar psb participou ontem 4 assinatura ordem servico realizacao ,,,,9.271507516165898e+17,https://twitter.com/carlosbritto1/status/927150751616589824
carlosbritto1,2017-11-05 10:28,0,0,crise brasil resolvida educacao afirma deputado tadeu alencar carlosbrittocrisebrasi lsoseraresolvidaeducacaoafirmadeputadotadeualencar ,,,,9.271507106046648e+17,https://twitter.com/carlosbritto1/status/927150710604664832
jairogaraujo,2017-11-04 21:38,0,0, educacao brasil saira crise permanente afirma tadeu alencar ,,,,9.269568953065062e+17,https://twitter.com/jairogaraujo/status/926956895306506242
jairogaraujo,2017-11-04 21:36,0,0,ouricuri o deputado federal tadeu alencar psb participou neste sabado 04 assinatura ordem servico ,,,,9.269564455511654e+17,https://twitter.com/jairogaraujo/status/926956445551165440
osecretariopovo,2017-11-04 21:08,0,0,tadeu alencar  educacao brasil saira crise permanente  educacaobrasilsairacrisepermanente 15prwg1s,,,,9.2694930448017e+17,https://twitter.com/osecretariopovo/status/926949304480169985
Nill_Junior,2017-11-04 19:36,0,0,tadeu alencar  educacao brasil saira crise permanente  ,,,,9.269262136706335e+17,https://twitter.com/Nill_Junior/status/926926213670633472
blogdidigalvao,2017-11-04 19:36,0,0,tadeu alencar  educacao brasil saira crise permanente ,,@Shareaholic,,9.26926032757805e+17,https://twitter.com/blogdidigalvao/status/926926032757805057
PortalInteja,2017-10-27 00:44,0,0,temer agora papel meramente decorativo diz tadeu alencar ,,,,9.237420863938232e+17,https://twitter.com/PortalInteja/status/923742086393823232
giromatanorte,2017-10-27 00:32,0,0,para deputado federal tadeu alencar psb escapando investigacao denuncias apos votacao ,,,,9.237391177997722e+17,https://twitter.com/giromatanorte/status/923739117799772161
osecretariopovo,2017-10-26 23:19,0,0,temer agora papel meramente decorativo diz tadeu alencar  rapapelmeramentedecorativodiztadeualencar 8fu85c,,,,9.23720742709203e+17,https://twitter.com/osecretariopovo/status/923720742709202944
lissandro1,2017-10-26 21:39,0,1,temer agora papel meramente decorativo diz tadeu alencar avozdavitoriatemerteraago rapapelmeramentedecorativodiztadeualencarwfjx6zzemgtwitter ,,,#,9.23695564704723e+17,https://twitter.com/lissandro1/status/923695564704722944
jairogaraujo,2017-10-26 16:58,0,0,temer agora papel meramente decorativo diz tadeu alencar ,,,,9.236249855786721e+17,https://twitter.com/jairogaraujo/status/923624985578672128
jairogaraujo,2017-10-26 16:58,0,0,para deputado federal tadeu alencar psb escapando investigacao denuncias apos votacao ,,,,9.236249509966275e+17,https://twitter.com/jairogaraujo/status/923624950996627456
PajeuAM,2017-10-26 13:53,0,0,temer agora papel meramente decorativo diz tadeu alencar agorapapelmeramentedecorativodiztadeualencar ,,,,9.235782705154499e+17,https://twitter.com/PajeuAM/status/923578270515449857
RomoaldodeSouza,2017-10-26 13:35,2,7, verdade diz deputado tadeu alencar pe psb tudo ser importante legenda oposicao governo 5w2vedl,,@MichelTemer,,9.2357369590963e+17,https://twitter.com/RomoaldodeSouza/status/923573695909629953
ParlaTube,2017-10-26 10:27,0,1,dep tadeu alencar psbpe posiciona favoravel prosseguimento denuncia contra temer ,,@psbnacamara,,9.235264224587817e+17,https://twitter.com/ParlaTube/status/923526422458781698
ancoradosertao,2017-10-26 09:33,0,0,previsao tadeu alencar confirmou  6g5rslzk,,,,9.235129828139909e+17,https://twitter.com/ancoradosertao/status/923512982813990912
zeneto_pe,2017-10-26 08:48,3,10,em pe apenas deputados votaram tirar tanto dilma temer fica aqui registro favor daniel coelho betinho tadeu alencar gonzaga patriota danilo cabral pastor eurico jarbas andre paula,,,,9.235015222600581e+17,https://twitter.com/zeneto_pe/status/923501522260058112
Guilher59559537,2017-10-25 23:04,0,0,o deputado confiei voto honrou tadeu alencar  923333370184110086 ,,,,9.233547322399703e+17,https://twitter.com/Guilher59559537/status/923354732239970304
Guilher59559537,2017-10-25 22:55,0,0,o deputado sufraguei tadeu alencar honrou voto vou repetir  s923339546103820288 ,,,,9.233524101222236e+17,https://twitter.com/Guilher59559537/status/923352410122223616
QqMoura777,2017-10-25 21:28,0,0,tadeu alencar votou do,,,,9.233304211271107e+17,https://twitter.com/QqMoura777/status/923330421127110661
crfbatata,2017-10-25 21:28,0,2,corretissimo palavras deputado tadeu alencar,,,,9.23330343620563e+17,https://twitter.com/crfbatata/status/923330343620562950
MyslandyaModes1,2017-10-25 20:08,0,0,esse sim mim representa deputado federal tadeu alencar  ouricuri ,,@tadeualencarbr,,9.233102734983168e+17,https://twitter.com/MyslandyaModes1/status/923310273498316800
PajeuAM,2017-10-25 18:53,0,0,psb votara unido contra temer diz tadeu alencar araunidocontratemerdiztadeualencar 4oke,,,,9.232913869542359e+17,https://twitter.com/PajeuAM/status/923291386954235904
osecretariopovo,2017-10-25 18:16,0,0,psb votara unido contra temer diz tadeu alencar  contratemerdiztadeualencar 4ji51fir,,,,9.232821141409505e+17,https://twitter.com/osecretariopovo/status/923282114140950534
blogmarioflavio,2017-10-25 18:12,0,0,psb votara unido contra temer diz tadeu alencar  6nikk,,,,9.232812094420419e+17,https://twitter.com/blogmarioflavio/status/923281209442041856
jairogaraujo,2017-10-25 09:18,0,0,para deputado federal tadeu alencar psb governo michel temer usa poder forma perversa tentar ,,,,9.231466445473997e+17,https://twitter.com/jairogaraujo/status/923146644547399680
ParlaTube,2017-10-24 21:37,0,0,tadeu alencar defende derrubada veto temer beneficios lei audiovisual ,,,,9.22970437797204e+17,https://twitter.com/ParlaTube/status/922970437797203968
ParlaTube,2017-10-24 21:37,0,0,tadeu alencar defende derrubada veto temer beneficios lei audiovisual ,,@psbnacamara,,9.229704226473697e+17,https://twitter.com/ParlaTube/status/922970422647369729
carmemsantos55,2017-10-24 13:46,0,0,para tadeu alencar temer perdeu autoridade politica governar pais  via,,@portalne10,,9.228519052478587e+17,https://twitter.com/carmemsantos55/status/922851905247858688
jairogaraujo,2017-10-24 09:24,0,0,o deputado federal tadeu alencar psb voltou brasilia nesta segundafeira 23 participar votacao ,,,,9.22785817587839e+17,https://twitter.com/jairogaraujo/status/922785817587838976
Nill_Junior,2017-10-24 08:05,0,0,tadeu alencar temer perdeu autoridade politica governar pais  6tusjtbt37,,,,9.227660902578176e+17,https://twitter.com/Nill_Junior/status/922766090257817600
kkdesouza,2017-10-19 18:18,0,0,portal lideranca psb camara deputado tadeu alencar participa missao oficial china ,,,,9.211081897515049e+17,https://twitter.com/kkdesouza/status/921108189751504897
jairogaraujo,2017-10-19 16:02,0,0,tadeu alencar sobre aprovacao relatorio favoravel presidente temer ccj ,,,,9.210741272508375e+17,https://twitter.com/jairogaraujo/status/921074127250837504
jairogaraujo,2017-10-19 16:01,0,0,tadeu alencar li atentamente todo relatorio deputado federal bonifacio andrada psdbmg encontrei ,,,,9.210739001334743e+17,https://twitter.com/jairogaraujo/status/921073900133474304
robertajungmann,2017-10-18 17:06,0,1,deputado tadeu alencar aproveitou missao especial conhecer china naconteceacontece20171018nws4565176503robertajungmann2467deputadotadeualencaraproveitoumissaoespecialparaconhecerchinaaspx  830hgauzaw,,,,9.2072790844817e+17,https://twitter.com/robertajungmann/status/920727908448169985
PortalInteja,2017-10-14 20:15,0,0,tadeu alencar participa missao oficial china ,,,,9.193408270081065e+17,https://twitter.com/PortalInteja/status/919340827008106497
giromatanorte,2017-10-14 20:10,0,0,o deputado federal tadeu alencar psb participa proximo dia outubro missao oficial china ,,,,9.193395389582664e+17,https://twitter.com/giromatanorte/status/919339538958266368
APJuazeiro,2017-10-14 09:50,0,0,tadeu alencar fecha olhos realidade http,,,,9.191836476133007e+17,https://twitter.com/APJuazeiro/status/919183647613300736
osecretariopovo,2017-10-14 08:56,0,0,tadeu alencar participa missao oficial china  participamissaooficialchina ,,,,9.19170018419413e+17,https://twitter.com/osecretariopovo/status/919170018419412992
EdmarLyra,2017-10-13 21:59,1,1,tadeu alencar participa missao oficial china edmarlyratadeualencar participamissaooficialchina 21ri,,,,9.190048183786537e+17,https://twitter.com/EdmarLyra/status/919004818378653696
giromatanorte,2017-10-13 08:10,0,0,emissario governo paulo camara deputado tadeu alencar impossivel tarefa negar ,,,,9.187960722390385e+17,https://twitter.com/giromatanorte/status/918796072239038464
blogdoelielson,2017-10-12 21:04,0,0,emissario governo paulo camara deputado tadeu alencar impossivel tarefa negar ,,,,9.186284822671442e+17,https://twitter.com/blogdoelielson/status/918628482267144197
jairogaraujo,2017-10-10 20:26,0,0,tadeu alencar quer temer investigado novas denuncias ,,,,9.178942252614083e+17,https://twitter.com/jairogaraujo/status/917894225261408257
jairogaraujo,2017-10-10 20:26,0,0,para deputado federal tadeu alencar psb populacao precisa ficar ainda atenta movimentos palacio ,,,,9.178941682188657e+17,https://twitter.com/jairogaraujo/status/917894168218865664
EscadaNews,2017-10-10 18:40,0,0,tadeu alencar quer investigacao temer novas denuncias ,,,,9.178673890557788e+17,https://twitter.com/EscadaNews/status/917867389055778816
EscadaNews,2017-10-10 18:40,0,0,tadeu alencar quer investigacao temer novas denuncias ,,,,9.178673783644897e+17,https://twitter.com/EscadaNews/status/917867378364489728
sanchilisoficia,2017-10-10 18:39,0,0,tadeu alencar quer investigacao temer novas denuncias brasilia  para deputado federal tadeu alencar  ,,,,9.178672726344909e+17,https://twitter.com/sanchilisoficia/status/917867272634490880
EscadaNews,2017-10-10 18:39,0,0,tadeu alencar quer investigacao temer novas denuncias ,,,,9.178672718710129e+17,https://twitter.com/EscadaNews/status/917867271871012864
osecretariopovo,2017-10-10 13:32,0,0,tadeu alencar quer investigacao temer novas denuncias  querinvestigacaotemernovasdenuncias 15mjppm9,,,,9.177900280168161e+17,https://twitter.com/osecretariopovo/status/917790028016816129
Nill_Junior,2017-10-10 12:33,0,0,tadeu alencar quer investigacao temer novas denuncias  5ndgrj,,,,9.177749941255332e+17,https://twitter.com/Nill_Junior/status/917774994125533184
EdmarLyra,2017-10-10 12:23,0,0,tadeu alencar quer investigacao temer novas denuncias edmarlyratadeualencar querinvestigacaotemernovasdenuncias ,,,,9.177726479619482e+17,https://twitter.com/EdmarLyra/status/917772647961948163
PSBNacional40,2017-10-09 14:45,2,2,assistncia social em crise  veja avaliacao deputados tadeu alencar listascriticamcorte98assistenciasocialprometemtomarmedidascontrareducao,,@danilo4010,,9.17445814586368e+17,https://twitter.com/PSBNacional40/status/917445814586368000
tadeu_alencar,2017-10-06 10:55,0,0,excelente,,,,9.163008874416701e+17,https://twitter.com/tadeu_alencar/status/916300887441670144
blogdoelielson,2017-10-05 23:45,0,0,o deputado federal tadeu alencar psb recebeu brasilia nesta quartafeira 04 representantes movimento ,,,,9.1613232199202e+17,https://twitter.com/blogdoelielson/status/916132321992019968
jairogaraujo,2017-10-05 23:41,0,0,tadeu alencar fundo publico campanhas pode comprometer areas essenciais ,,,,9.161312998779699e+17,https://twitter.com/jairogaraujo/status/916131299877969921
jairogaraujo,2017-10-05 23:41,0,0,brasilia  na noite desta quartafeira 04 deputado federal tadeu alencar psb votou contra aprovacao ,,,,9.161312442656932e+17,https://twitter.com/jairogaraujo/status/916131244265693184
PortalInteja,2017-10-05 16:20,0,0,tadeu alencar fundo publico campanhas pode comprometer areas essenciais ,,,,9.160202275901686e+17,https://twitter.com/PortalInteja/status/916020227590168576
Nill_Junior,2017-10-05 16:17,0,1,tadeu alencar fundo publico campanhas pode comprometer areas essenciais  52ppseda,,,,9.160195217726464e+17,https://twitter.com/Nill_Junior/status/916019521772646400
giromatanorte,2017-10-05 16:09,0,0,na noite desta quartafeira 04 deputado federal tadeu alencar psb votou contra aprovacao fundo ,,,,9.160174029068493e+17,https://twitter.com/giromatanorte/status/916017402906849280
rbezerrademelo,2017-10-05 11:40,0,1,betinho gomes irmao gestor ouricuri relataeles votam paulo camara tadeu alencar podem lancar estadual,,,,9.159498524330435e+17,https://twitter.com/rbezerrademelo/status/915949852433043456
APJuazeiro,2017-10-05 06:18,0,0,chumbo grosso ,,,,9.158688622640292e+17,https://twitter.com/APJuazeiro/status/915868862264029184
jairogaraujo,2017-10-04 23:53,0,0,tadeu alencar defende maior participacao feminina congresso nacional ,,,,9.157720055505674e+17,https://twitter.com/jairogaraujo/status/915772005550567424
jairogaraujo,2017-10-04 23:53,0,0,brasilia  o deputado federal tadeu alencar psb fez pronunciamento plenario camara deputados ,,,,9.157719507436052e+17,https://twitter.com/jairogaraujo/status/915771950743605248
osecretariopovo,2017-10-04 23:30,0,0,tadeu alencar defende maior participacao feminina congresso nacional  defendemaiorparticipacaofemininacongressonacional,,,,9.15766134682669e+17,https://twitter.com/osecretariopovo/status/915766134682669056
BetinhoJose_Rec,2017-10-04 21:06,0,0,tadeu alencar psb representantes fisco municipal amupe criticou vez governo michel temer  ,,,,9.157299181888348e+17,https://twitter.com/BetinhoJose_Rec/status/915729918188834816
mcarmocaldas,2017-10-04 17:32,0,0,parabens dep tadeu alencar ser contra criacao fundo eleitoral obrigada deputado,,,,9.15676088348627e+17,https://twitter.com/mcarmocaldas/status/915676088348626945
BetinhoJose_Rec,2017-10-04 15:30,0,0,deputado tadeu alencar denuncia chama verdadeiro desmantelamento assistencia social brasil  ,,,,9.156453829437604e+17,https://twitter.com/BetinhoJose_Rec/status/915645382943760387
TADEU_JUNIOR_TJ,2017-10-03 21:28,0,0,feeling hopeful entrevista ciro gomes jornalista kennedy alencar youtubewatchv3f5un jxhng ,,,,9.153730068762337e+17,https://twitter.com/TADEU_JUNIOR_TJ/status/915373006876233728
BetinhoJose_Rec,2017-10-02 09:31,0,0,corte assistencia social e agressao temer cidadania brasileira afirma deputado tadeu alencar psb  ,,,,9.148302754981356e+17,https://twitter.com/BetinhoJose_Rec/status/914830275498135552
giromatanorte,2017-10-02 09:19,0,0,em palestra sobre reforma tributaria impactos municipios tadeu alencar colocou contra criacao ,,,,9.148272376852644e+17,https://twitter.com/giromatanorte/status/914827237685264387
jairogaraujo,2017-10-01 19:02,0,0,recife o deputado federal tadeu alencar psb aproveitou encontro representantes fisco municipal ,,,,9.146115045567078e+17,https://twitter.com/jairogaraujo/status/914611504556707841
BetinhoJose_Rec,2017-10-01 16:19,0,0,psb age coerencia apoiar investigacao contra temer afirma tadeu alencar  ,,,,9.145705091945882e+17,https://twitter.com/BetinhoJose_Rec/status/914570509194588162
blogdejamildo,2017-10-01 12:24,0,1,para tadeu alencar reforma tributaria promove concentracao receitas ,,,,9.145112559389819e+17,https://twitter.com/blogdejamildo/status/914511255938981888
BetinhoJose_Rec,2017-09-30 20:28,0,0,psb age coerencia apoiar investigacao contra temer afirma tadeu alencar ,,,,9.14270665200382e+17,https://twitter.com/BetinhoJose_Rec/status/914270665200381952
BetinhoJose_Rec,2017-09-30 15:49,0,0,psb age coerencia apoiar investigacao contra temer afirma deputado federal tadeu alencar  ,,,,9.142004806366372e+17,https://twitter.com/BetinhoJose_Rec/status/914200480636637184
v1ctordaniel,2017-09-30 15:30,0,1,entrevista agora tadeu alencar coordenador turismo formigamg regionalminas,,,,9.141958288976118e+17,https://twitter.com/v1ctordaniel/status/914195828897611777
elismarrodrigue,2017-09-29 16:38,0,0,corte assistencia social e agressao cidadania diz tadeu alencar ,,,,9.13850473840554e+17,https://twitter.com/elismarrodrigue/status/913850473840553985
elismarrodrigue,2017-09-29 16:37,0,0,corte assistencia social e agressao cidadania diz tadeu alencar ,,,,9.138501906327593e+17,https://twitter.com/elismarrodrigue/status/913850190632759297
Nill_Junior,2017-09-29 11:28,0,1,tadeu alencar defende figueira passagem casa civil ali e deposito insatisfacao  4fdlagg,,,,9.137725863954227e+17,https://twitter.com/Nill_Junior/status/913772586395422721
gurudascontas,2017-09-29 09:32,0,0,corte assistencia social e agressao temer cidadania diz tadeu alencar  brasil 7 brasil247pt247pernamb uco247319844corte98assistc3aanciasocialc3a9agressc3a3otemerc3a0cidadaniadiztadeualencarhtm  via,,@brasil247,,9.137433293718077e+17,https://twitter.com/gurudascontas/status/913743329371807745
MarcellyLopes19,2017-09-29 09:22,0,0,corte de na assistncia social  agresso de temer  cidadania diz tadeu alencar ,,,,9.137408112165437e+17,https://twitter.com/MarcellyLopes19/status/913740811216543749
Tomazacosta1,2017-09-29 08:52,0,0,corte assistencia social e agressao temer cidadania diz tadeu alencar  brasil 7 brasil247pt247pernamb uco247319844 ,,,,9.137331023416402e+17,https://twitter.com/Tomazacosta1/status/913733102341640193
odoricocarvalho,2017-09-29 08:22,0,0,corte assistencia social e agressao temer cidadania diz tadeu alencar ,,,,9.137256353647821e+17,https://twitter.com/odoricocarvalho/status/913725635364782080
BetinhoJose_Rec,2017-09-28 15:00,0,0,deputado tadeu alencar pede debate transparente corajoso sobre teto remuneracao servico publico ,,,,9.13463338562093e+17,https://twitter.com/BetinhoJose_Rec/status/913463338562093056
lissandro1,2017-09-28 14:56,0,0,deputado tadeu alencar pede debate transparente corajoso sobre teto remuneracao servico publico acompanhe avozdavitoriatadeupededeb atetransparentecorajososobretetoremuneracaoservicopublicowc03sj8ajfatwitter ,,,#,9.134623877679964e+17,https://twitter.com/lissandro1/status/913462387767996416
ParlaTube,2017-09-27 15:48,0,0,dep tadeu alencar psbpe destaca entrega relatorio final comissao verdade ,,,,9.131130732082504e+17,https://twitter.com/ParlaTube/status/913113073208250368
ParlaTube,2017-09-27 15:48,0,0,dep tadeu alencar psbpe destaca entrega relatorio final comissao verdade ,,@psbnacamara,,9.131130577311498e+17,https://twitter.com/ParlaTube/status/913113057731149827
psbnacamara,2017-09-26 18:25,1,1,  constituicao justica aprova relatorio tadeu alencar sobre profissao secretariado  8,,@psbnacamara,#TRABALHO,9.127901334847898e+17,https://twitter.com/psbnacamara/status/912790133484789761
Japeme,2017-09-25 20:33,0,0,sobre entrevista deputado federal tadeu alencar  entrevistadeputadofederalhtmlwcmrvh76ssotwitter ,,,#,9.124600229107999e+17,https://twitter.com/Japeme/status/912460022910799872
Japeme,2017-09-25 20:29,0,0,entrevista tadeu alencar http,,@YouTube,,9.124591843897139e+17,https://twitter.com/Japeme/status/912459184389713921
jonas_reporter,2017-09-25 12:16,0,0,agora deputado federal tadeu alencar no reporter do meio dia 912335010748919810,https://twitter.com/jonas_reporter/status/912335010748919810,,,,
BetinhoJose_Rec,2017-09-24 19:55,0,0,deputado federal tadeu alencar psbpe participou debate representantes conselho federal medicina  ,,,,9.120880742382223e+17,https://twitter.com/BetinhoJose_Rec/status/912088074238222336
jairogaraujo,2017-09-23 08:08,0,0,brasilia o deputado federal tadeu alencar psbpe participou nesta quintafeira 22 debate ,,,,9.115477436000707e+17,https://twitter.com/jairogaraujo/status/911547743600070657
BLOGDOMAGNO,2017-09-20 15:03,0,0,rejeitar distritao decisao correta diz tadeu alencar  confira integra d181457  ,,,,9.105652007927153e+17,https://twitter.com/BLOGDOMAGNO/status/910565200792715264
blogdejamildo,2017-09-20 13:25,2,4,tadeu alencar diz rejeitar distritao decisao correta ,,,,9.105403752526643e+17,https://twitter.com/blogdejamildo/status/910540375252664320
osecretariopovo,2017-09-20 11:07,0,0,rejeitar distritao decisao correta diz tadeu alencar  itaodecisaocorretadiztadeualencar 0lvcjhz0ra,,,,9.105056141696696e+17,https://twitter.com/osecretariopovo/status/910505614169669632
robertajungmann,2017-09-20 10:30,0,0,rejeitar distritao decisao correta diz tadeu alencar deputado psb as regras  ,,,,9.104962722425487e+17,https://twitter.com/robertajungmann/status/910496272242548736
Nill_Junior,2017-09-20 10:22,0,0,rejeitar distritao decisao correta diz tadeu alencar  2nxao1gt,,,,9.104943503956337e+17,https://twitter.com/Nill_Junior/status/910494350395633664
jairogaraujo,2017-09-20 10:21,0,0,rejeitar distritao decisao correta diz tadeu alencar ,,,,9.104941760216392e+17,https://twitter.com/jairogaraujo/status/910494176021639168
jairogaraujo,2017-09-20 10:21,0,0,brasilia o deputado federal tadeu alencar psb considerou acertada decisao camara deputados ,,,,9.10494100427649e+17,https://twitter.com/jairogaraujo/status/910494100427649025
somar61,2017-09-19 17:44,0,0,dep tadeu alencar aprove criacao fundo eleitoral  ,,,#FundoEleitoralN,9.102432705670554e+17,https://twitter.com/somar61/status/910243270567055360
otavioveloso,2017-09-13 15:04,0,0,ze ramalio de lima nonato thiago dantas tadeu soares arakem alencar thiago coutinho keyla kaenia moreira ,,,,9.080287120792986e+17,https://twitter.com/otavioveloso/status/908028712079298560
Debi__Pereira,2017-09-12 11:33,0,0,tadeu alencar destina r 5 milhoes emendas sertao araripe  via,,@portalne10,,9.076131918779269e+17,https://twitter.com/Debi__Pereira/status/907613191877926912
jairogaraujo,2017-09-11 00:30,0,0,tadeu alencar destina r 5 milhoes emendas sertao araripe ,,,,9.070837826830664e+17,https://twitter.com/jairogaraujo/status/907083782683066368
ancoradosertao,2017-09-10 07:58,0,1,de olho tadeu alencar destina r 5 milhoes emendas sertao araripe  3oko9,,,,9.068343815742177e+17,https://twitter.com/ancoradosertao/status/906834381574217728
